,notification_date,postcode,likely_source_of_infection,lhd_2010_code,lhd_2010_name,lga_code19,lga_name19,locality,name,state,long,lat
0,2020-01-22,2134.0,1,1,1,1,1,1,1,1,1,1
1,2020-01-24,2121.0,1,1,1,1,1,1,1,1,1,1
2,2020-01-25,2033.0,1,1,1,1,1,1,1,1,1,1
3,2020-01-25,2071.0,1,1,1,1,1,1,1,1,1,1
4,2020-01-30,2350.0,1,1,1,1,1,1,1,1,1,1
5,2020-02-21,2010.0,1,1,1,1,1,1,1,1,1,1
6,2020-02-26,2073.0,1,1,1,1,1,1,1,1,1,1
7,2020-02-27,2070.0,1,1,1,1,1,1,1,1,1,1
8,2020-02-29,2077.0,1,1,1,1,1,1,1,1,1,1
9,2020-03-01,2022.0,1,1,1,1,1,1,1,1,1,1
10,2020-03-01,2163.0,2,2,2,2,2,2,2,2,2,2
11,2020-03-02,2077.0,1,1,1,1,1,1,1,1,1,1
12,2020-03-02,2217.0,1,1,1,1,1,1,1,1,1,1
13,2020-03-03,2090.0,1,1,1,1,1,1,1,1,1,1
14,2020-03-03,2122.0,1,1,1,1,1,1,1,1,1,1
15,2020-03-03,2153.0,1,1,1,1,1,1,1,1,1,1
16,2020-03-03,2158.0,1,1,1,1,1,1,1,1,1,1
17,2020-03-03,2196.0,1,1,1,1,1,1,1,1,1,1
18,2020-03-03,2200.0,1,1,1,1,1,1,1,1,1,1
19,2020-03-03,2232.0,1,1,1,1,1,1,1,1,1,1
20,2020-03-04,2042.0,1,1,1,1,1,1,1,1,1,1
21,2020-03-04,2087.0,1,1,1,1,1,1,1,1,1,1
22,2020-03-04,2113.0,4,4,4,4,4,4,4,4,4,4
23,2020-03-04,2749.0,1,1,1,1,1,1,1,1,1,1
24,2020-03-05,2011.0,1,1,1,1,1,1,1,1,1,1
25,2020-03-05,2040.0,1,1,1,1,1,1,1,1,1,1
26,2020-03-05,2076.0,1,1,1,1,1,1,1,1,1,1
27,2020-03-05,2119.0,1,1,1,1,1,1,1,1,1,1
28,2020-03-05,2122.0,1,1,1,1,1,1,1,1,1,1
29,2020-03-05,2127.0,1,1,1,1,1,1,1,1,1,1
30,2020-03-05,2144.0,1,1,1,1,1,1,1,1,1,1
31,2020-03-05,2232.0,1,1,1,1,1,1,1,1,1,1
32,2020-03-05,2580.0,1,1,1,1,1,1,1,1,1,1
33,2020-03-06,2042.0,1,1,1,1,1,1,1,1,1,1
34,2020-03-06,2087.0,1,1,1,1,1,1,1,1,1,1
35,2020-03-06,2115.0,1,1,1,1,1,1,1,1,1,1
36,2020-03-06,2119.0,2,2,2,2,2,2,2,2,2,2
37,2020-03-06,2145.0,1,1,1,1,1,1,1,1,1,1
38,2020-03-06,2234.0,1,1,1,1,1,1,1,1,1,1
39,2020-03-06,2428.0,1,1,1,1,1,1,1,1,1,1
40,2020-03-07,2028.0,1,1,1,1,1,1,1,1,1,1
41,2020-03-07,2113.0,1,1,1,1,1,1,1,1,1,1
42,2020-03-07,2116.0,1,1,1,1,1,1,1,1,1,1
43,2020-03-07,2117.0,2,2,2,2,2,2,2,2,2,2
44,2020-03-07,2777.0,1,1,1,1,1,1,1,1,1,1
45,2020-03-08,2064.0,1,1,1,1,1,1,1,1,1,1
46,2020-03-08,2077.0,1,1,1,1,1,1,1,1,1,1
47,2020-03-08,2115.0,2,2,2,2,2,2,2,2,2,2
48,2020-03-08,2116.0,2,2,2,2,2,2,2,2,2,2
49,2020-03-08,2163.0,1,1,1,1,1,1,1,1,1,1
50,2020-03-08,2170.0,1,1,1,1,1,1,1,1,1,1
51,2020-03-08,2761.0,1,1,1,1,1,1,1,1,1,1
52,2020-03-09,2010.0,1,1,1,1,1,1,1,1,1,1
53,2020-03-09,2043.0,1,1,1,1,1,1,1,1,1,1
54,2020-03-09,2046.0,1,1,1,1,1,1,1,1,1,1
55,2020-03-09,2047.0,1,1,1,1,1,1,1,1,1,1
56,2020-03-09,2065.0,1,1,1,1,1,1,1,1,1,1
57,2020-03-09,2113.0,1,1,1,1,1,1,1,1,1,1
58,2020-03-09,2765.0,1,1,1,1,1,1,1,1,1,1
59,2020-03-09,2769.0,1,1,1,1,1,1,1,1,1,1
60,2020-03-10,2029.0,1,1,1,1,1,1,1,1,1,1
61,2020-03-10,2065.0,1,1,1,1,1,1,1,1,1,1
62,2020-03-10,2096.0,1,1,1,1,1,1,1,1,1,1
63,2020-03-10,2204.0,1,1,1,1,1,1,1,1,1,1
64,2020-03-10,2777.0,1,1,1,1,1,1,1,1,1,1
65,2020-03-10,2800.0,1,1,1,1,1,1,1,1,1,1
66,2020-03-11,2011.0,1,1,1,1,1,1,1,1,1,1
67,2020-03-11,2020.0,1,1,1,1,1,1,1,1,1,1
68,2020-03-11,2021.0,1,1,1,1,1,1,1,1,1,1
69,2020-03-11,2023.0,1,1,1,1,1,1,1,1,1,1
70,2020-03-11,2024.0,1,1,1,1,1,1,1,1,1,1
71,2020-03-11,2027.0,1,1,1,1,1,1,1,1,1,1
72,2020-03-11,2110.0,1,1,1,1,1,1,1,1,1,1
73,2020-03-11,2114.0,1,1,1,1,1,1,1,1,1,1
74,2020-03-11,2119.0,1,1,1,1,1,1,1,1,1,1
75,2020-03-11,2120.0,1,1,1,1,1,1,1,1,1,1
76,2020-03-11,2126.0,1,1,1,1,1,1,1,1,1,1
77,2020-03-11,2170.0,1,1,1,1,1,1,1,1,1,1
78,2020-03-11,2207.0,1,1,1,1,1,1,1,1,1,1
79,2020-03-11,2217.0,1,1,1,1,1,1,1,1,1,1
80,2020-03-11,2230.0,1,1,1,1,1,1,1,1,1,1
81,2020-03-11,2257.0,1,1,1,1,1,1,1,1,1,1
82,2020-03-11,2766.0,2,2,2,2,2,2,2,2,2,2
83,2020-03-11,2800.0,2,2,2,2,2,2,2,2,2,2
84,2020-03-12,2011.0,1,1,1,1,1,1,1,1,1,1
85,2020-03-12,2027.0,2,2,2,2,2,2,2,2,2,2
86,2020-03-12,2028.0,1,1,1,1,1,1,1,1,1,1
87,2020-03-12,2029.0,1,1,1,1,1,1,1,1,1,1
88,2020-03-12,2030.0,1,1,1,1,1,1,1,1,1,1
89,2020-03-12,2031.0,1,1,1,1,1,1,1,1,1,1
90,2020-03-12,2046.0,1,1,1,1,1,1,1,1,1,1
91,2020-03-12,2087.0,1,1,1,1,1,1,1,1,1,1
92,2020-03-12,2088.0,1,1,1,1,1,1,1,1,1,1
93,2020-03-12,2120.0,1,1,1,1,1,1,1,1,1,1
94,2020-03-12,2122.0,1,1,1,1,1,1,1,1,1,1
95,2020-03-12,2127.0,1,1,1,1,1,1,1,1,1,1
96,2020-03-12,2170.0,1,1,1,1,1,1,1,1,1,1
97,2020-03-12,2456.0,2,2,2,2,2,2,2,2,2,2
98,2020-03-12,2566.0,1,1,1,1,1,1,1,1,1,1
99,2020-03-12,2570.0,4,4,4,4,4,4,4,4,4,4
100,2020-03-12,2756.0,1,1,1,1,1,1,1,1,1,1
101,2020-03-12,2763.0,1,1,1,1,1,1,1,1,1,1
102,2020-03-13,2010.0,1,1,1,1,1,1,1,1,1,1
103,2020-03-13,2011.0,1,1,1,1,1,1,1,1,1,1
104,2020-03-13,2015.0,1,1,1,1,1,1,1,1,1,1
105,2020-03-13,2022.0,1,1,1,1,1,1,1,1,1,1
106,2020-03-13,2025.0,1,1,1,1,1,1,1,1,1,1
107,2020-03-13,2026.0,4,4,4,4,4,4,4,4,4,4
108,2020-03-13,2032.0,1,1,1,1,1,1,1,1,1,1
109,2020-03-13,2034.0,1,1,1,1,1,1,1,1,1,1
110,2020-03-13,2065.0,2,2,2,2,2,2,2,2,2,2
111,2020-03-13,2077.0,1,1,1,1,1,1,1,1,1,1
112,2020-03-13,2088.0,1,1,1,1,1,1,1,1,1,1
113,2020-03-13,2090.0,1,1,1,1,1,1,1,1,1,1
114,2020-03-13,2110.0,1,1,1,1,1,1,1,1,1,1
115,2020-03-13,2112.0,1,1,1,1,1,1,1,1,1,1
116,2020-03-13,2128.0,1,1,1,1,1,1,1,1,1,1
117,2020-03-13,2151.0,1,1,1,1,1,1,1,1,1,1
118,2020-03-13,2207.0,2,2,2,2,2,2,2,2,2,2
119,2020-03-13,2218.0,1,1,1,1,1,1,1,1,1,1
120,2020-03-13,2224.0,2,2,2,2,2,2,2,2,2,2
121,2020-03-13,2325.0,2,2,2,2,2,2,2,2,2,2
122,2020-03-13,2576.0,1,1,1,1,1,1,1,1,1,1
123,2020-03-13,2756.0,1,1,1,1,1,1,1,1,1,1
124,2020-03-13,2769.0,1,1,1,1,1,1,1,1,1,1
125,2020-03-13,2773.0,1,1,1,1,1,1,1,1,1,1
126,2020-03-14,2008.0,1,1,1,1,1,1,1,1,1,1
127,2020-03-14,2010.0,1,1,1,1,1,1,1,1,1,1
128,2020-03-14,2025.0,1,1,1,1,1,1,1,1,1,1
129,2020-03-14,2026.0,4,4,4,4,4,4,4,4,4,4
130,2020-03-14,2031.0,1,1,1,1,1,1,1,1,1,1
131,2020-03-14,2041.0,1,1,1,1,1,1,1,1,1,1
132,2020-03-14,2068.0,1,1,1,1,1,1,1,1,1,1
133,2020-03-14,2093.0,1,1,1,1,1,1,1,1,1,1
134,2020-03-14,2125.0,1,1,1,1,1,1,1,1,1,1
135,2020-03-14,2127.0,1,1,1,1,1,1,1,1,1,1
136,2020-03-14,2141.0,1,1,1,1,1,1,1,1,1,1
137,2020-03-14,2145.0,1,1,1,1,1,1,1,1,1,1
138,2020-03-14,2230.0,1,1,1,1,1,1,1,1,1,1
139,2020-03-14,2306.0,1,1,1,1,1,1,1,1,1,1
140,2020-03-14,2325.0,1,1,1,1,1,1,1,1,1,1
141,2020-03-14,2428.0,1,1,1,1,1,1,1,1,1,1
142,2020-03-14,2430.0,1,1,1,1,1,1,1,1,1,1
143,2020-03-14,2479.0,1,1,1,1,1,1,1,1,1,1
144,2020-03-14,2517.0,1,1,1,1,1,1,1,1,1,1
145,2020-03-14,2760.0,2,2,2,2,2,2,2,2,2,2
146,2020-03-15,2000.0,1,1,1,1,1,1,1,1,1,1
147,2020-03-15,2015.0,1,1,1,1,1,1,1,1,1,1
148,2020-03-15,2025.0,1,1,1,1,1,1,1,1,1,1
149,2020-03-15,2026.0,1,1,1,1,1,1,1,1,1,1
150,2020-03-15,2029.0,1,1,1,1,1,1,1,1,1,1
151,2020-03-15,2031.0,3,3,3,3,3,3,3,3,3,3
152,2020-03-15,2070.0,1,1,1,1,1,1,1,1,1,1
153,2020-03-15,2075.0,1,1,1,1,1,1,1,1,1,1
154,2020-03-15,2080.0,1,1,1,1,1,1,1,1,1,1
155,2020-03-15,2088.0,2,2,2,2,2,2,2,2,2,2
156,2020-03-15,2089.0,2,2,2,2,2,2,2,2,2,2
157,2020-03-15,2093.0,1,1,1,1,1,1,1,1,1,1
158,2020-03-15,2097.0,1,1,1,1,1,1,1,1,1,1
159,2020-03-15,2099.0,1,1,1,1,1,1,1,1,1,1
160,2020-03-15,2110.0,1,1,1,1,1,1,1,1,1,1
161,2020-03-15,2122.0,2,2,2,2,2,2,2,2,2,2
162,2020-03-15,2125.0,2,2,2,2,2,2,2,2,2,2
163,2020-03-15,2132.0,1,1,1,1,1,1,1,1,1,1
164,2020-03-15,2160.0,1,1,1,1,1,1,1,1,1,1
165,2020-03-15,2191.0,1,1,1,1,1,1,1,1,1,1
166,2020-03-15,2193.0,1,1,1,1,1,1,1,1,1,1
167,2020-03-15,2204.0,2,2,2,2,2,2,2,2,2,2
168,2020-03-15,2216.0,1,1,1,1,1,1,1,1,1,1
169,2020-03-15,2228.0,1,1,1,1,1,1,1,1,1,1
170,2020-03-15,2230.0,1,1,1,1,1,1,1,1,1,1
171,2020-03-15,2250.0,1,1,1,1,1,1,1,1,1,1
172,2020-03-15,2575.0,1,1,1,1,1,1,1,1,1,1
173,2020-03-16,2010.0,2,2,2,2,2,2,2,2,2,2
174,2020-03-16,2011.0,1,1,1,1,1,1,1,1,1,1
175,2020-03-16,2018.0,1,1,1,1,1,1,1,1,1,1
176,2020-03-16,2022.0,1,1,1,1,1,1,1,1,1,1
177,2020-03-16,2025.0,1,1,1,1,1,1,1,1,1,1
178,2020-03-16,2026.0,4,4,4,4,4,4,4,4,4,4
179,2020-03-16,2040.0,1,1,1,1,1,1,1,1,1,1
180,2020-03-16,2064.0,2,2,2,2,2,2,2,2,2,2
181,2020-03-16,2067.0,1,1,1,1,1,1,1,1,1,1
182,2020-03-16,2069.0,1,1,1,1,1,1,1,1,1,1
183,2020-03-16,2088.0,4,4,4,4,4,4,4,4,4,4
184,2020-03-16,2093.0,1,1,1,1,1,1,1,1,1,1
185,2020-03-16,2095.0,1,1,1,1,1,1,1,1,1,1
186,2020-03-16,2097.0,1,1,1,1,1,1,1,1,1,1
187,2020-03-16,2099.0,1,1,1,1,1,1,1,1,1,1
188,2020-03-16,2104.0,1,1,1,1,1,1,1,1,1,1
189,2020-03-16,2110.0,1,1,1,1,1,1,1,1,1,1
190,2020-03-16,2118.0,1,1,1,1,1,1,1,1,1,1
191,2020-03-16,2121.0,1,1,1,1,1,1,1,1,1,1
192,2020-03-16,2142.0,1,1,1,1,1,1,1,1,1,1
193,2020-03-16,2158.0,1,1,1,1,1,1,1,1,1,1
194,2020-03-16,2171.0,1,1,1,1,1,1,1,1,1,1
195,2020-03-16,2206.0,1,1,1,1,1,1,1,1,1,1
196,2020-03-16,2225.0,1,1,1,1,1,1,1,1,1,1
197,2020-03-16,2229.0,1,1,1,1,1,1,1,1,1,1
198,2020-03-16,2230.0,3,3,3,3,3,3,3,3,3,3
199,2020-03-16,2233.0,1,1,1,1,1,1,1,1,1,1
200,2020-03-16,2260.0,1,1,1,1,1,1,1,1,1,1
201,2020-03-16,2281.0,1,1,1,1,1,1,1,1,1,1
202,2020-03-16,2298.0,1,1,1,1,1,1,1,1,1,1
203,2020-03-16,2325.0,1,1,1,1,1,1,1,1,1,1
204,2020-03-16,2425.0,1,1,1,1,1,1,1,1,1,1
205,2020-03-16,2481.0,1,1,1,1,1,1,1,1,1,1
206,2020-03-16,2516.0,1,1,1,1,1,1,1,1,1,1
207,2020-03-16,2533.0,1,1,1,1,1,1,1,1,1,1
208,2020-03-16,2535.0,1,1,1,1,1,1,1,1,1,1
209,2020-03-16,2575.0,1,1,1,1,1,1,1,1,1,1
210,2020-03-16,2577.0,1,1,1,1,1,1,1,1,1,1
211,2020-03-16,2767.0,1,1,1,1,1,1,1,1,1,1
212,2020-03-17,2010.0,4,4,4,4,4,4,4,4,4,4
213,2020-03-17,2011.0,2,2,2,2,2,2,2,2,2,2
214,2020-03-17,2019.0,1,1,1,1,1,1,1,1,1,1
215,2020-03-17,2021.0,2,2,2,2,2,2,2,2,2,2
216,2020-03-17,2022.0,1,1,1,1,1,1,1,1,1,1
217,2020-03-17,2023.0,2,2,2,2,2,2,2,2,2,2
218,2020-03-17,2026.0,4,4,4,4,4,4,4,4,4,4
219,2020-03-17,2031.0,1,1,1,1,1,1,1,1,1,1
220,2020-03-17,2036.0,1,1,1,1,1,1,1,1,1,1
221,2020-03-17,2061.0,1,1,1,1,1,1,1,1,1,1
222,2020-03-17,2072.0,1,1,1,1,1,1,1,1,1,1
223,2020-03-17,2090.0,1,1,1,1,1,1,1,1,1,1
224,2020-03-17,2095.0,1,1,1,1,1,1,1,1,1,1
225,2020-03-17,2100.0,1,1,1,1,1,1,1,1,1,1
226,2020-03-17,2101.0,1,1,1,1,1,1,1,1,1,1
227,2020-03-17,2119.0,2,2,2,2,2,2,2,2,2,2
228,2020-03-17,2122.0,1,1,1,1,1,1,1,1,1,1
229,2020-03-17,2229.0,1,1,1,1,1,1,1,1,1,1
230,2020-03-17,2230.0,1,1,1,1,1,1,1,1,1,1
231,2020-03-17,2231.0,1,1,1,1,1,1,1,1,1,1
232,2020-03-17,2234.0,1,1,1,1,1,1,1,1,1,1
233,2020-03-17,2283.0,1,1,1,1,1,1,1,1,1,1
234,2020-03-17,2297.0,2,2,2,2,2,2,2,2,2,2
235,2020-03-17,2303.0,1,1,1,1,1,1,1,1,1,1
236,2020-03-17,2323.0,1,1,1,1,1,1,1,1,1,1
237,2020-03-17,2325.0,1,1,1,1,1,1,1,1,1,1
238,2020-03-17,2517.0,1,1,1,1,1,1,1,1,1,1
239,2020-03-17,2518.0,2,2,2,2,2,2,2,2,2,2
240,2020-03-17,2540.0,1,1,1,1,1,1,1,1,1,1
241,2020-03-17,2557.0,1,1,1,1,1,1,1,1,1,1
242,2020-03-17,2567.0,3,3,3,3,3,3,3,3,3,3
243,2020-03-17,2577.0,1,1,1,1,1,1,1,1,1,1
244,2020-03-17,2747.0,1,1,1,1,1,1,1,1,1,1
245,2020-03-17,2749.0,2,2,2,2,2,2,2,2,2,2
246,2020-03-17,2760.0,1,1,1,1,1,1,1,1,1,1
247,2020-03-17,2763.0,1,1,1,1,1,1,1,1,1,1
248,2020-03-17,2795.0,1,1,1,1,1,1,1,1,1,1
249,2020-03-17,2800.0,1,1,1,1,1,1,1,1,1,1
250,2020-03-18,2000.0,2,2,2,2,2,2,2,2,2,2
251,2020-03-18,2010.0,2,2,2,2,2,2,2,2,2,2
252,2020-03-18,2011.0,2,2,2,2,2,2,2,2,2,2
253,2020-03-18,2021.0,1,1,1,1,1,1,1,1,1,1
254,2020-03-18,2024.0,1,1,1,1,1,1,1,1,1,1
255,2020-03-18,2026.0,2,2,2,2,2,2,2,2,2,2
256,2020-03-18,2029.0,1,1,1,1,1,1,1,1,1,1
257,2020-03-18,2030.0,4,4,4,4,4,4,4,4,4,4
258,2020-03-18,2032.0,1,1,1,1,1,1,1,1,1,1
259,2020-03-18,2048.0,1,1,1,1,1,1,1,1,1,1
260,2020-03-18,2066.0,1,1,1,1,1,1,1,1,1,1
261,2020-03-18,2074.0,1,1,1,1,1,1,1,1,1,1
262,2020-03-18,2085.0,1,1,1,1,1,1,1,1,1,1
263,2020-03-18,2088.0,1,1,1,1,1,1,1,1,1,1
264,2020-03-18,2090.0,1,1,1,1,1,1,1,1,1,1
265,2020-03-18,2093.0,1,1,1,1,1,1,1,1,1,1
266,2020-03-18,2095.0,1,1,1,1,1,1,1,1,1,1
267,2020-03-18,2108.0,1,1,1,1,1,1,1,1,1,1
268,2020-03-18,2114.0,2,2,2,2,2,2,2,2,2,2
269,2020-03-18,2120.0,1,1,1,1,1,1,1,1,1,1
270,2020-03-18,2122.0,1,1,1,1,1,1,1,1,1,1
271,2020-03-18,2141.0,1,1,1,1,1,1,1,1,1,1
272,2020-03-18,2145.0,2,2,2,2,2,2,2,2,2,2
273,2020-03-18,2153.0,1,1,1,1,1,1,1,1,1,1
274,2020-03-18,2155.0,1,1,1,1,1,1,1,1,1,1
275,2020-03-18,2171.0,1,1,1,1,1,1,1,1,1,1
276,2020-03-18,2199.0,2,2,2,2,2,2,2,2,2,2
277,2020-03-18,2226.0,1,1,1,1,1,1,1,1,1,1
278,2020-03-18,2229.0,1,1,1,1,1,1,1,1,1,1
279,2020-03-18,2230.0,3,3,3,3,3,3,3,3,3,3
280,2020-03-18,2250.0,2,2,2,2,2,2,2,2,2,2
281,2020-03-18,2251.0,1,1,1,1,1,1,1,1,1,1
282,2020-03-18,2278.0,2,2,2,2,2,2,2,2,2,2
283,2020-03-18,2287.0,2,2,2,2,2,2,2,2,2,2
284,2020-03-18,2320.0,1,1,1,1,1,1,1,1,1,1
285,2020-03-18,2325.0,1,1,1,1,1,1,1,1,1,1
286,2020-03-18,2444.0,1,1,1,1,1,1,1,1,1,1
287,2020-03-18,2484.0,1,1,1,1,1,1,1,1,1,1
288,2020-03-18,2487.0,1,1,1,1,1,1,1,1,1,1
289,2020-03-18,2519.0,2,2,2,2,2,2,2,2,2,2
290,2020-03-18,2528.0,1,1,1,1,1,1,1,1,1,1
291,2020-03-18,2535.0,1,1,1,1,1,1,1,1,1,1
292,2020-03-18,2567.0,3,3,3,3,3,3,3,3,3,3
293,2020-03-18,2577.0,1,1,1,1,1,1,1,1,1,1
294,2020-03-18,2756.0,1,1,1,1,1,1,1,1,1,1
295,2020-03-18,2768.0,1,1,1,1,1,1,1,1,1,1
296,2020-03-18,2779.0,1,1,1,1,1,1,1,1,1,1
297,2020-03-19,2000.0,1,1,1,1,1,1,1,1,1,1
298,2020-03-19,2010.0,1,1,1,1,1,1,1,1,1,1
299,2020-03-19,2011.0,1,1,1,1,1,1,1,1,1,1
300,2020-03-19,2018.0,1,1,1,1,1,1,1,1,1,1
301,2020-03-19,2021.0,2,2,2,2,2,2,2,2,2,2
302,2020-03-19,2022.0,1,1,1,1,1,1,1,1,1,1
303,2020-03-19,2023.0,1,1,1,1,1,1,1,1,1,1
304,2020-03-19,2024.0,2,2,2,2,2,2,2,2,2,2
305,2020-03-19,2025.0,1,1,1,1,1,1,1,1,1,1
306,2020-03-19,2026.0,4,4,4,4,4,4,4,4,4,4
307,2020-03-19,2027.0,1,1,1,1,1,1,1,1,1,1
308,2020-03-19,2029.0,1,1,1,1,1,1,1,1,1,1
309,2020-03-19,2030.0,1,1,1,1,1,1,1,1,1,1
310,2020-03-19,2033.0,1,1,1,1,1,1,1,1,1,1
311,2020-03-19,2036.0,1,1,1,1,1,1,1,1,1,1
312,2020-03-19,2037.0,1,1,1,1,1,1,1,1,1,1
313,2020-03-19,2065.0,5,5,5,5,5,5,5,5,5,5
314,2020-03-19,2070.0,1,1,1,1,1,1,1,1,1,1
315,2020-03-19,2072.0,1,1,1,1,1,1,1,1,1,1
316,2020-03-19,2074.0,1,1,1,1,1,1,1,1,1,1
317,2020-03-19,2075.0,1,1,1,1,1,1,1,1,1,1
318,2020-03-19,2077.0,1,1,1,1,1,1,1,1,1,1
319,2020-03-19,2084.0,1,1,1,1,1,1,1,1,1,1
320,2020-03-19,2085.0,1,1,1,1,1,1,1,1,1,1
321,2020-03-19,2086.0,1,1,1,1,1,1,1,1,1,1
322,2020-03-19,2088.0,1,1,1,1,1,1,1,1,1,1
323,2020-03-19,2089.0,1,1,1,1,1,1,1,1,1,1
324,2020-03-19,2093.0,1,1,1,1,1,1,1,1,1,1
325,2020-03-19,2095.0,3,3,3,3,3,3,3,3,3,3
326,2020-03-19,2097.0,1,1,1,1,1,1,1,1,1,1
327,2020-03-19,2100.0,1,1,1,1,1,1,1,1,1,1
328,2020-03-19,2111.0,1,1,1,1,1,1,1,1,1,1
329,2020-03-19,2141.0,1,1,1,1,1,1,1,1,1,1
330,2020-03-19,2145.0,2,2,2,2,2,2,2,2,2,2
331,2020-03-19,2150.0,1,1,1,1,1,1,1,1,1,1
332,2020-03-19,2155.0,1,1,1,1,1,1,1,1,1,1
333,2020-03-19,2162.0,1,1,1,1,1,1,1,1,1,1
334,2020-03-19,2170.0,1,1,1,1,1,1,1,1,1,1
335,2020-03-19,2193.0,3,3,3,3,3,3,3,3,3,3
336,2020-03-19,2194.0,1,1,1,1,1,1,1,1,1,1
337,2020-03-19,2200.0,1,1,1,1,1,1,1,1,1,1
338,2020-03-19,2203.0,1,1,1,1,1,1,1,1,1,1
339,2020-03-19,2210.0,1,1,1,1,1,1,1,1,1,1
340,2020-03-19,2226.0,1,1,1,1,1,1,1,1,1,1
341,2020-03-19,2232.0,1,1,1,1,1,1,1,1,1,1
342,2020-03-19,2233.0,2,2,2,2,2,2,2,2,2,2
343,2020-03-19,2260.0,1,1,1,1,1,1,1,1,1,1
344,2020-03-19,2264.0,1,1,1,1,1,1,1,1,1,1
345,2020-03-19,2305.0,1,1,1,1,1,1,1,1,1,1
346,2020-03-19,2320.0,1,1,1,1,1,1,1,1,1,1
347,2020-03-19,2343.0,1,1,1,1,1,1,1,1,1,1
348,2020-03-19,2421.0,3,3,3,3,3,3,3,3,3,3
349,2020-03-19,2428.0,1,1,1,1,1,1,1,1,1,1
350,2020-03-19,2460.0,1,1,1,1,1,1,1,1,1,1
351,2020-03-19,2500.0,1,1,1,1,1,1,1,1,1,1
352,2020-03-19,2525.0,1,1,1,1,1,1,1,1,1,1
353,2020-03-19,2533.0,1,1,1,1,1,1,1,1,1,1
354,2020-03-19,2759.0,1,1,1,1,1,1,1,1,1,1
355,2020-03-20,2000.0,2,2,2,2,2,2,2,2,2,2
356,2020-03-20,2010.0,1,1,1,1,1,1,1,1,1,1
357,2020-03-20,2011.0,1,1,1,1,1,1,1,1,1,1
358,2020-03-20,2018.0,1,1,1,1,1,1,1,1,1,1
359,2020-03-20,2021.0,3,3,3,3,3,3,3,3,3,3
360,2020-03-20,2022.0,4,4,4,4,4,4,4,4,4,4
361,2020-03-20,2023.0,3,3,3,3,3,3,3,3,3,3
362,2020-03-20,2024.0,3,3,3,3,3,3,3,3,3,3
363,2020-03-20,2025.0,2,2,2,2,2,2,2,2,2,2
364,2020-03-20,2026.0,17,17,17,17,17,17,17,17,17,17
365,2020-03-20,2029.0,1,1,1,1,1,1,1,1,1,1
366,2020-03-20,2034.0,1,1,1,1,1,1,1,1,1,1
367,2020-03-20,2040.0,1,1,1,1,1,1,1,1,1,1
368,2020-03-20,2041.0,1,1,1,1,1,1,1,1,1,1
369,2020-03-20,2042.0,1,1,1,1,1,1,1,1,1,1
370,2020-03-20,2060.0,1,1,1,1,1,1,1,1,1,1
371,2020-03-20,2068.0,3,3,3,3,3,3,3,3,3,3
372,2020-03-20,2069.0,2,2,2,2,2,2,2,2,2,2
373,2020-03-20,2071.0,1,1,1,1,1,1,1,1,1,1
374,2020-03-20,2072.0,2,2,2,2,2,2,2,2,2,2
375,2020-03-20,2088.0,5,5,5,5,5,5,5,5,5,5
376,2020-03-20,2089.0,1,1,1,1,1,1,1,1,1,1
377,2020-03-20,2093.0,1,1,1,1,1,1,1,1,1,1
378,2020-03-20,2095.0,3,3,3,3,3,3,3,3,3,3
379,2020-03-20,2096.0,1,1,1,1,1,1,1,1,1,1
380,2020-03-20,2097.0,1,1,1,1,1,1,1,1,1,1
381,2020-03-20,2099.0,2,2,2,2,2,2,2,2,2,2
382,2020-03-20,2102.0,1,1,1,1,1,1,1,1,1,1
383,2020-03-20,2106.0,1,1,1,1,1,1,1,1,1,1
384,2020-03-20,2111.0,1,1,1,1,1,1,1,1,1,1
385,2020-03-20,2113.0,3,3,3,3,3,3,3,3,3,3
386,2020-03-20,2117.0,1,1,1,1,1,1,1,1,1,1
387,2020-03-20,2119.0,1,1,1,1,1,1,1,1,1,1
388,2020-03-20,2120.0,2,2,2,2,2,2,2,2,2,2
389,2020-03-20,2131.0,1,1,1,1,1,1,1,1,1,1
390,2020-03-20,2140.0,1,1,1,1,1,1,1,1,1,1
391,2020-03-20,2144.0,1,1,1,1,1,1,1,1,1,1
392,2020-03-20,2170.0,3,3,3,3,3,3,3,3,3,3
393,2020-03-20,2190.0,1,1,1,1,1,1,1,1,1,1
394,2020-03-20,2197.0,2,2,2,2,2,2,2,2,2,2
395,2020-03-20,2199.0,2,2,2,2,2,2,2,2,2,2
396,2020-03-20,2204.0,1,1,1,1,1,1,1,1,1,1
397,2020-03-20,2210.0,2,2,2,2,2,2,2,2,2,2
398,2020-03-20,2218.0,2,2,2,2,2,2,2,2,2,2
399,2020-03-20,2224.0,2,2,2,2,2,2,2,2,2,2
400,2020-03-20,2229.0,2,2,2,2,2,2,2,2,2,2
401,2020-03-20,2234.0,3,3,3,3,3,3,3,3,3,3
402,2020-03-20,2250.0,2,2,2,2,2,2,2,2,2,2
403,2020-03-20,2259.0,1,1,1,1,1,1,1,1,1,1
404,2020-03-20,2261.0,1,1,1,1,1,1,1,1,1,1
405,2020-03-20,2264.0,1,1,1,1,1,1,1,1,1,1
406,2020-03-20,2283.0,1,1,1,1,1,1,1,1,1,1
407,2020-03-20,2287.0,1,1,1,1,1,1,1,1,1,1
408,2020-03-20,2298.0,1,1,1,1,1,1,1,1,1,1
409,2020-03-20,2305.0,1,1,1,1,1,1,1,1,1,1
410,2020-03-20,2315.0,1,1,1,1,1,1,1,1,1,1
411,2020-03-20,2316.0,1,1,1,1,1,1,1,1,1,1
412,2020-03-20,2320.0,1,1,1,1,1,1,1,1,1,1
413,2020-03-20,2321.0,1,1,1,1,1,1,1,1,1,1
414,2020-03-20,2322.0,1,1,1,1,1,1,1,1,1,1
415,2020-03-20,2343.0,1,1,1,1,1,1,1,1,1,1
416,2020-03-20,2427.0,1,1,1,1,1,1,1,1,1,1
417,2020-03-20,2428.0,1,1,1,1,1,1,1,1,1,1
418,2020-03-20,2500.0,2,2,2,2,2,2,2,2,2,2
419,2020-03-20,2508.0,1,1,1,1,1,1,1,1,1,1
420,2020-03-20,2519.0,1,1,1,1,1,1,1,1,1,1
421,2020-03-20,2527.0,1,1,1,1,1,1,1,1,1,1
422,2020-03-20,2575.0,1,1,1,1,1,1,1,1,1,1
423,2020-03-20,2576.0,2,2,2,2,2,2,2,2,2,2
424,2020-03-20,2770.0,1,1,1,1,1,1,1,1,1,1
425,2020-03-20,2773.0,1,1,1,1,1,1,1,1,1,1
426,2020-03-20,2795.0,1,1,1,1,1,1,1,1,1,1
427,2020-03-20,2800.0,1,1,1,1,1,1,1,1,1,1
428,2020-03-21,2011.0,1,1,1,1,1,1,1,1,1,1
429,2020-03-21,2021.0,1,1,1,1,1,1,1,1,1,1
430,2020-03-21,2022.0,1,1,1,1,1,1,1,1,1,1
431,2020-03-21,2023.0,3,3,3,3,3,3,3,3,3,3
432,2020-03-21,2024.0,1,1,1,1,1,1,1,1,1,1
433,2020-03-21,2025.0,3,3,3,3,3,3,3,3,3,3
434,2020-03-21,2026.0,6,6,6,6,6,6,6,6,6,6
435,2020-03-21,2027.0,1,1,1,1,1,1,1,1,1,1
436,2020-03-21,2031.0,1,1,1,1,1,1,1,1,1,1
437,2020-03-21,2034.0,1,1,1,1,1,1,1,1,1,1
438,2020-03-21,2036.0,2,2,2,2,2,2,2,2,2,2
439,2020-03-21,2038.0,1,1,1,1,1,1,1,1,1,1
440,2020-03-21,2040.0,1,1,1,1,1,1,1,1,1,1
441,2020-03-21,2042.0,1,1,1,1,1,1,1,1,1,1
442,2020-03-21,2072.0,1,1,1,1,1,1,1,1,1,1
443,2020-03-21,2079.0,1,1,1,1,1,1,1,1,1,1
444,2020-03-21,2088.0,3,3,3,3,3,3,3,3,3,3
445,2020-03-21,2095.0,2,2,2,2,2,2,2,2,2,2
446,2020-03-21,2107.0,1,1,1,1,1,1,1,1,1,1
447,2020-03-21,2114.0,1,1,1,1,1,1,1,1,1,1
448,2020-03-21,2118.0,3,3,3,3,3,3,3,3,3,3
449,2020-03-21,2122.0,3,3,3,3,3,3,3,3,3,3
450,2020-03-21,2125.0,1,1,1,1,1,1,1,1,1,1
451,2020-03-21,2140.0,1,1,1,1,1,1,1,1,1,1
452,2020-03-21,2145.0,2,2,2,2,2,2,2,2,2,2
453,2020-03-21,2147.0,1,1,1,1,1,1,1,1,1,1
454,2020-03-21,2155.0,4,4,4,4,4,4,4,4,4,4
455,2020-03-21,2170.0,3,3,3,3,3,3,3,3,3,3
456,2020-03-21,2207.0,2,2,2,2,2,2,2,2,2,2
457,2020-03-21,2210.0,2,2,2,2,2,2,2,2,2,2
458,2020-03-21,2213.0,1,1,1,1,1,1,1,1,1,1
459,2020-03-21,2219.0,1,1,1,1,1,1,1,1,1,1
460,2020-03-21,2230.0,2,2,2,2,2,2,2,2,2,2
461,2020-03-21,2250.0,1,1,1,1,1,1,1,1,1,1
462,2020-03-21,2256.0,1,1,1,1,1,1,1,1,1,1
463,2020-03-21,2259.0,1,1,1,1,1,1,1,1,1,1
464,2020-03-21,2260.0,1,1,1,1,1,1,1,1,1,1
465,2020-03-21,2261.0,1,1,1,1,1,1,1,1,1,1
466,2020-03-21,2262.0,1,1,1,1,1,1,1,1,1,1
467,2020-03-21,2280.0,1,1,1,1,1,1,1,1,1,1
468,2020-03-21,2283.0,1,1,1,1,1,1,1,1,1,1
469,2020-03-21,2291.0,1,1,1,1,1,1,1,1,1,1
470,2020-03-21,2340.0,1,1,1,1,1,1,1,1,1,1
471,2020-03-21,2357.0,1,1,1,1,1,1,1,1,1,1
472,2020-03-21,2427.0,1,1,1,1,1,1,1,1,1,1
473,2020-03-21,2490.0,1,1,1,1,1,1,1,1,1,1
474,2020-03-21,2500.0,2,2,2,2,2,2,2,2,2,2
475,2020-03-21,2527.0,1,1,1,1,1,1,1,1,1,1
476,2020-03-21,2528.0,2,2,2,2,2,2,2,2,2,2
477,2020-03-21,2529.0,1,1,1,1,1,1,1,1,1,1
478,2020-03-21,2536.0,2,2,2,2,2,2,2,2,2,2
479,2020-03-21,2541.0,1,1,1,1,1,1,1,1,1,1
480,2020-03-21,2546.0,1,1,1,1,1,1,1,1,1,1
481,2020-03-21,2548.0,2,2,2,2,2,2,2,2,2,2
482,2020-03-21,2558.0,2,2,2,2,2,2,2,2,2,2
483,2020-03-21,2560.0,3,3,3,3,3,3,3,3,3,3
484,2020-03-21,2564.0,1,1,1,1,1,1,1,1,1,1
485,2020-03-21,2565.0,1,1,1,1,1,1,1,1,1,1
486,2020-03-21,2570.0,2,2,2,2,2,2,2,2,2,2
487,2020-03-21,2620.0,1,1,1,1,1,1,1,1,1,1
488,2020-03-21,2747.0,1,1,1,1,1,1,1,1,1,1
489,2020-03-21,2750.0,2,2,2,2,2,2,2,2,2,2
490,2020-03-21,2756.0,1,1,1,1,1,1,1,1,1,1
491,2020-03-21,2760.0,1,1,1,1,1,1,1,1,1,1
492,2020-03-21,2763.0,1,1,1,1,1,1,1,1,1,1
493,2020-03-21,2766.0,2,2,2,2,2,2,2,2,2,2
494,2020-03-22,2009.0,2,2,2,2,2,2,2,2,2,2
495,2020-03-22,2010.0,2,2,2,2,2,2,2,2,2,2
496,2020-03-22,2015.0,1,1,1,1,1,1,1,1,1,1
497,2020-03-22,2016.0,1,1,1,1,1,1,1,1,1,1
498,2020-03-22,2017.0,1,1,1,1,1,1,1,1,1,1
499,2020-03-22,2022.0,1,1,1,1,1,1,1,1,1,1
500,2020-03-22,2023.0,5,5,5,5,5,5,5,5,5,5
501,2020-03-22,2024.0,2,2,2,2,2,2,2,2,2,2
502,2020-03-22,2026.0,9,9,9,9,9,9,9,9,9,9
503,2020-03-22,2030.0,1,1,1,1,1,1,1,1,1,1
504,2020-03-22,2031.0,1,1,1,1,1,1,1,1,1,1
505,2020-03-22,2038.0,1,1,1,1,1,1,1,1,1,1
506,2020-03-22,2040.0,3,3,3,3,3,3,3,3,3,3
507,2020-03-22,2043.0,1,1,1,1,1,1,1,1,1,1
508,2020-03-22,2060.0,3,3,3,3,3,3,3,3,3,3
509,2020-03-22,2065.0,3,3,3,3,3,3,3,3,3,3
510,2020-03-22,2066.0,1,1,1,1,1,1,1,1,1,1
511,2020-03-22,2068.0,3,3,3,3,3,3,3,3,3,3
512,2020-03-22,2069.0,1,1,1,1,1,1,1,1,1,1
513,2020-03-22,2074.0,1,1,1,1,1,1,1,1,1,1
514,2020-03-22,2088.0,2,2,2,2,2,2,2,2,2,2
515,2020-03-22,2089.0,1,1,1,1,1,1,1,1,1,1
516,2020-03-22,2090.0,1,1,1,1,1,1,1,1,1,1
517,2020-03-22,2092.0,3,3,3,3,3,3,3,3,3,3
518,2020-03-22,2093.0,1,1,1,1,1,1,1,1,1,1
519,2020-03-22,2094.0,1,1,1,1,1,1,1,1,1,1
520,2020-03-22,2096.0,1,1,1,1,1,1,1,1,1,1
521,2020-03-22,2099.0,1,1,1,1,1,1,1,1,1,1
522,2020-03-22,2100.0,1,1,1,1,1,1,1,1,1,1
523,2020-03-22,2102.0,2,2,2,2,2,2,2,2,2,2
524,2020-03-22,2106.0,1,1,1,1,1,1,1,1,1,1
525,2020-03-22,2110.0,1,1,1,1,1,1,1,1,1,1
526,2020-03-22,2113.0,1,1,1,1,1,1,1,1,1,1
527,2020-03-22,2115.0,1,1,1,1,1,1,1,1,1,1
528,2020-03-22,2122.0,2,2,2,2,2,2,2,2,2,2
529,2020-03-22,2142.0,1,1,1,1,1,1,1,1,1,1
530,2020-03-22,2145.0,3,3,3,3,3,3,3,3,3,3
531,2020-03-22,2148.0,3,3,3,3,3,3,3,3,3,3
532,2020-03-22,2152.0,1,1,1,1,1,1,1,1,1,1
533,2020-03-22,2153.0,1,1,1,1,1,1,1,1,1,1
534,2020-03-22,2159.0,1,1,1,1,1,1,1,1,1,1
535,2020-03-22,2162.0,1,1,1,1,1,1,1,1,1,1
536,2020-03-22,2170.0,1,1,1,1,1,1,1,1,1,1
537,2020-03-22,2199.0,3,3,3,3,3,3,3,3,3,3
538,2020-03-22,2205.0,1,1,1,1,1,1,1,1,1,1
539,2020-03-22,2208.0,1,1,1,1,1,1,1,1,1,1
540,2020-03-22,2210.0,4,4,4,4,4,4,4,4,4,4
541,2020-03-22,2219.0,1,1,1,1,1,1,1,1,1,1
542,2020-03-22,2220.0,1,1,1,1,1,1,1,1,1,1
543,2020-03-22,2227.0,4,4,4,4,4,4,4,4,4,4
544,2020-03-22,2229.0,1,1,1,1,1,1,1,1,1,1
545,2020-03-22,2230.0,6,6,6,6,6,6,6,6,6,6
546,2020-03-22,2232.0,2,2,2,2,2,2,2,2,2,2
547,2020-03-22,2233.0,1,1,1,1,1,1,1,1,1,1
548,2020-03-22,2234.0,2,2,2,2,2,2,2,2,2,2
549,2020-03-22,2256.0,1,1,1,1,1,1,1,1,1,1
550,2020-03-22,2259.0,2,2,2,2,2,2,2,2,2,2
551,2020-03-22,2260.0,1,1,1,1,1,1,1,1,1,1
552,2020-03-22,2264.0,2,2,2,2,2,2,2,2,2,2
553,2020-03-22,2280.0,2,2,2,2,2,2,2,2,2,2
554,2020-03-22,2282.0,2,2,2,2,2,2,2,2,2,2
555,2020-03-22,2283.0,2,2,2,2,2,2,2,2,2,2
556,2020-03-22,2287.0,5,5,5,5,5,5,5,5,5,5
557,2020-03-22,2290.0,1,1,1,1,1,1,1,1,1,1
558,2020-03-22,2304.0,2,2,2,2,2,2,2,2,2,2
559,2020-03-22,2315.0,1,1,1,1,1,1,1,1,1,1
560,2020-03-22,2320.0,1,1,1,1,1,1,1,1,1,1
561,2020-03-22,2324.0,2,2,2,2,2,2,2,2,2,2
562,2020-03-22,2325.0,3,3,3,3,3,3,3,3,3,3
563,2020-03-22,2340.0,2,2,2,2,2,2,2,2,2,2
564,2020-03-22,2430.0,3,3,3,3,3,3,3,3,3,3
565,2020-03-22,2439.0,1,1,1,1,1,1,1,1,1,1
566,2020-03-22,2443.0,1,1,1,1,1,1,1,1,1,1
567,2020-03-22,2444.0,3,3,3,3,3,3,3,3,3,3
568,2020-03-22,2463.0,1,1,1,1,1,1,1,1,1,1
569,2020-03-22,2465.0,1,1,1,1,1,1,1,1,1,1
570,2020-03-22,2476.0,2,2,2,2,2,2,2,2,2,2
571,2020-03-22,2477.0,1,1,1,1,1,1,1,1,1,1
572,2020-03-22,2480.0,2,2,2,2,2,2,2,2,2,2
573,2020-03-22,2500.0,2,2,2,2,2,2,2,2,2,2
574,2020-03-22,2528.0,2,2,2,2,2,2,2,2,2,2
575,2020-03-22,2530.0,3,3,3,3,3,3,3,3,3,3
576,2020-03-22,2539.0,1,1,1,1,1,1,1,1,1,1
577,2020-03-22,2540.0,1,1,1,1,1,1,1,1,1,1
578,2020-03-22,2541.0,1,1,1,1,1,1,1,1,1,1
579,2020-03-22,2548.0,1,1,1,1,1,1,1,1,1,1
580,2020-03-22,2560.0,3,3,3,3,3,3,3,3,3,3
581,2020-03-22,2566.0,1,1,1,1,1,1,1,1,1,1
582,2020-03-22,2567.0,3,3,3,3,3,3,3,3,3,3
583,2020-03-22,2570.0,1,1,1,1,1,1,1,1,1,1
584,2020-03-22,2575.0,1,1,1,1,1,1,1,1,1,1
585,2020-03-22,2576.0,1,1,1,1,1,1,1,1,1,1
586,2020-03-22,2580.0,1,1,1,1,1,1,1,1,1,1
587,2020-03-22,2621.0,2,2,2,2,2,2,2,2,2,2
588,2020-03-22,2641.0,1,1,1,1,1,1,1,1,1,1
589,2020-03-22,2747.0,1,1,1,1,1,1,1,1,1,1
590,2020-03-22,2753.0,1,1,1,1,1,1,1,1,1,1
591,2020-03-22,2759.0,1,1,1,1,1,1,1,1,1,1
592,2020-03-22,2763.0,1,1,1,1,1,1,1,1,1,1
593,2020-03-22,2768.0,1,1,1,1,1,1,1,1,1,1
594,2020-03-22,2795.0,2,2,2,2,2,2,2,2,2,2
595,2020-03-22,2799.0,1,1,1,1,1,1,1,1,1,1
596,2020-03-23,2000.0,3,3,3,3,3,3,3,3,3,3
597,2020-03-23,2007.0,2,2,2,2,2,2,2,2,2,2
598,2020-03-23,2009.0,1,1,1,1,1,1,1,1,1,1
599,2020-03-23,2010.0,1,1,1,1,1,1,1,1,1,1
600,2020-03-23,2011.0,1,1,1,1,1,1,1,1,1,1
601,2020-03-23,2016.0,1,1,1,1,1,1,1,1,1,1
602,2020-03-23,2017.0,1,1,1,1,1,1,1,1,1,1
603,2020-03-23,2020.0,1,1,1,1,1,1,1,1,1,1
604,2020-03-23,2021.0,3,3,3,3,3,3,3,3,3,3
605,2020-03-23,2022.0,3,3,3,3,3,3,3,3,3,3
606,2020-03-23,2023.0,4,4,4,4,4,4,4,4,4,4
607,2020-03-23,2024.0,2,2,2,2,2,2,2,2,2,2
608,2020-03-23,2026.0,9,9,9,9,9,9,9,9,9,9
609,2020-03-23,2028.0,1,1,1,1,1,1,1,1,1,1
610,2020-03-23,2029.0,1,1,1,1,1,1,1,1,1,1
611,2020-03-23,2030.0,1,1,1,1,1,1,1,1,1,1
612,2020-03-23,2031.0,5,5,5,5,5,5,5,5,5,5
613,2020-03-23,2034.0,1,1,1,1,1,1,1,1,1,1
614,2020-03-23,2035.0,1,1,1,1,1,1,1,1,1,1
615,2020-03-23,2036.0,1,1,1,1,1,1,1,1,1,1
616,2020-03-23,2037.0,1,1,1,1,1,1,1,1,1,1
617,2020-03-23,2038.0,1,1,1,1,1,1,1,1,1,1
618,2020-03-23,2041.0,3,3,3,3,3,3,3,3,3,3
619,2020-03-23,2042.0,1,1,1,1,1,1,1,1,1,1
620,2020-03-23,2048.0,1,1,1,1,1,1,1,1,1,1
621,2020-03-23,2050.0,1,1,1,1,1,1,1,1,1,1
622,2020-03-23,2065.0,1,1,1,1,1,1,1,1,1,1
623,2020-03-23,2066.0,3,3,3,3,3,3,3,3,3,3
624,2020-03-23,2068.0,2,2,2,2,2,2,2,2,2,2
625,2020-03-23,2074.0,2,2,2,2,2,2,2,2,2,2
626,2020-03-23,2075.0,1,1,1,1,1,1,1,1,1,1
627,2020-03-23,2076.0,1,1,1,1,1,1,1,1,1,1
628,2020-03-23,2088.0,1,1,1,1,1,1,1,1,1,1
629,2020-03-23,2090.0,1,1,1,1,1,1,1,1,1,1
630,2020-03-23,2095.0,1,1,1,1,1,1,1,1,1,1
631,2020-03-23,2103.0,1,1,1,1,1,1,1,1,1,1
632,2020-03-23,2106.0,1,1,1,1,1,1,1,1,1,1
633,2020-03-23,2107.0,1,1,1,1,1,1,1,1,1,1
634,2020-03-23,2112.0,1,1,1,1,1,1,1,1,1,1
635,2020-03-23,2120.0,5,5,5,5,5,5,5,5,5,5
636,2020-03-23,2122.0,2,2,2,2,2,2,2,2,2,2
637,2020-03-23,2125.0,1,1,1,1,1,1,1,1,1,1
638,2020-03-23,2132.0,2,2,2,2,2,2,2,2,2,2
639,2020-03-23,2135.0,1,1,1,1,1,1,1,1,1,1
640,2020-03-23,2145.0,3,3,3,3,3,3,3,3,3,3
641,2020-03-23,2151.0,1,1,1,1,1,1,1,1,1,1
642,2020-03-23,2153.0,1,1,1,1,1,1,1,1,1,1
643,2020-03-23,2154.0,1,1,1,1,1,1,1,1,1,1
644,2020-03-23,2156.0,2,2,2,2,2,2,2,2,2,2
645,2020-03-23,2170.0,2,2,2,2,2,2,2,2,2,2
646,2020-03-23,2172.0,1,1,1,1,1,1,1,1,1,1
647,2020-03-23,2173.0,1,1,1,1,1,1,1,1,1,1
648,2020-03-23,2191.0,3,3,3,3,3,3,3,3,3,3
649,2020-03-23,2200.0,1,1,1,1,1,1,1,1,1,1
650,2020-03-23,2204.0,1,1,1,1,1,1,1,1,1,1
651,2020-03-23,2207.0,1,1,1,1,1,1,1,1,1,1
652,2020-03-23,2211.0,1,1,1,1,1,1,1,1,1,1
653,2020-03-23,2212.0,1,1,1,1,1,1,1,1,1,1
654,2020-03-23,2216.0,1,1,1,1,1,1,1,1,1,1
655,2020-03-23,2224.0,1,1,1,1,1,1,1,1,1,1
656,2020-03-23,2228.0,1,1,1,1,1,1,1,1,1,1
657,2020-03-23,2229.0,1,1,1,1,1,1,1,1,1,1
658,2020-03-23,2234.0,1,1,1,1,1,1,1,1,1,1
659,2020-03-23,2250.0,1,1,1,1,1,1,1,1,1,1
660,2020-03-23,2251.0,1,1,1,1,1,1,1,1,1,1
661,2020-03-23,2259.0,1,1,1,1,1,1,1,1,1,1
662,2020-03-23,2260.0,1,1,1,1,1,1,1,1,1,1
663,2020-03-23,2261.0,1,1,1,1,1,1,1,1,1,1
664,2020-03-23,2262.0,3,3,3,3,3,3,3,3,3,3
665,2020-03-23,2280.0,1,1,1,1,1,1,1,1,1,1
666,2020-03-23,2281.0,2,2,2,2,2,2,2,2,2,2
667,2020-03-23,2283.0,2,2,2,2,2,2,2,2,2,2
668,2020-03-23,2285.0,1,1,1,1,1,1,1,1,1,1
669,2020-03-23,2287.0,1,1,1,1,1,1,1,1,1,1
670,2020-03-23,2290.0,3,3,3,3,3,3,3,3,3,3
671,2020-03-23,2298.0,1,1,1,1,1,1,1,1,1,1
672,2020-03-23,2299.0,1,1,1,1,1,1,1,1,1,1
673,2020-03-23,2300.0,1,1,1,1,1,1,1,1,1,1
674,2020-03-23,2303.0,1,1,1,1,1,1,1,1,1,1
675,2020-03-23,2315.0,2,2,2,2,2,2,2,2,2,2
676,2020-03-23,2318.0,1,1,1,1,1,1,1,1,1,1
677,2020-03-23,2320.0,1,1,1,1,1,1,1,1,1,1
678,2020-03-23,2321.0,1,1,1,1,1,1,1,1,1,1
679,2020-03-23,2322.0,1,1,1,1,1,1,1,1,1,1
680,2020-03-23,2323.0,1,1,1,1,1,1,1,1,1,1
681,2020-03-23,2324.0,1,1,1,1,1,1,1,1,1,1
682,2020-03-23,2330.0,1,1,1,1,1,1,1,1,1,1
683,2020-03-23,2340.0,2,2,2,2,2,2,2,2,2,2
684,2020-03-23,2345.0,1,1,1,1,1,1,1,1,1,1
685,2020-03-23,2360.0,2,2,2,2,2,2,2,2,2,2
686,2020-03-23,2428.0,1,1,1,1,1,1,1,1,1,1
687,2020-03-23,2431.0,1,1,1,1,1,1,1,1,1,1
688,2020-03-23,2444.0,1,1,1,1,1,1,1,1,1,1
689,2020-03-23,2448.0,1,1,1,1,1,1,1,1,1,1
690,2020-03-23,2478.0,1,1,1,1,1,1,1,1,1,1
691,2020-03-23,2486.0,2,2,2,2,2,2,2,2,2,2
692,2020-03-23,2487.0,3,3,3,3,3,3,3,3,3,3
693,2020-03-23,2500.0,2,2,2,2,2,2,2,2,2,2
694,2020-03-23,2508.0,1,1,1,1,1,1,1,1,1,1
695,2020-03-23,2515.0,1,1,1,1,1,1,1,1,1,1
696,2020-03-23,2518.0,1,1,1,1,1,1,1,1,1,1
697,2020-03-23,2527.0,1,1,1,1,1,1,1,1,1,1
698,2020-03-23,2529.0,1,1,1,1,1,1,1,1,1,1
699,2020-03-23,2533.0,1,1,1,1,1,1,1,1,1,1
700,2020-03-23,2535.0,1,1,1,1,1,1,1,1,1,1
701,2020-03-23,2541.0,1,1,1,1,1,1,1,1,1,1
702,2020-03-23,2570.0,2,2,2,2,2,2,2,2,2,2
703,2020-03-23,2575.0,1,1,1,1,1,1,1,1,1,1
704,2020-03-23,2580.0,2,2,2,2,2,2,2,2,2,2
705,2020-03-23,2747.0,3,3,3,3,3,3,3,3,3,3
706,2020-03-23,2756.0,2,2,2,2,2,2,2,2,2,2
707,2020-03-23,2760.0,1,1,1,1,1,1,1,1,1,1
708,2020-03-23,2763.0,3,3,3,3,3,3,3,3,3,3
709,2020-03-23,2774.0,1,1,1,1,1,1,1,1,1,1
710,2020-03-23,2783.0,1,1,1,1,1,1,1,1,1,1
711,2020-03-23,2786.0,1,1,1,1,1,1,1,1,1,1
712,2020-03-23,2790.0,1,1,1,1,1,1,1,1,1,1
713,2020-03-23,2799.0,2,2,2,2,2,2,2,2,2,2
714,2020-03-23,2830.0,2,2,2,2,2,2,2,2,2,2
715,2020-03-23,2850.0,1,1,1,1,1,1,1,1,1,1
716,2020-03-24,2011.0,1,1,1,1,1,1,1,1,1,1
717,2020-03-24,2015.0,1,1,1,1,1,1,1,1,1,1
718,2020-03-24,2016.0,3,3,3,3,3,3,3,3,3,3
719,2020-03-24,2017.0,1,1,1,1,1,1,1,1,1,1
720,2020-03-24,2021.0,3,3,3,3,3,3,3,3,3,3
721,2020-03-24,2022.0,1,1,1,1,1,1,1,1,1,1
722,2020-03-24,2023.0,1,1,1,1,1,1,1,1,1,1
723,2020-03-24,2024.0,1,1,1,1,1,1,1,1,1,1
724,2020-03-24,2025.0,1,1,1,1,1,1,1,1,1,1
725,2020-03-24,2026.0,10,10,10,10,10,10,10,10,10,10
726,2020-03-24,2030.0,1,1,1,1,1,1,1,1,1,1
727,2020-03-24,2031.0,1,1,1,1,1,1,1,1,1,1
728,2020-03-24,2034.0,1,1,1,1,1,1,1,1,1,1
729,2020-03-24,2035.0,3,3,3,3,3,3,3,3,3,3
730,2020-03-24,2036.0,1,1,1,1,1,1,1,1,1,1
731,2020-03-24,2042.0,1,1,1,1,1,1,1,1,1,1
732,2020-03-24,2046.0,1,1,1,1,1,1,1,1,1,1
733,2020-03-24,2060.0,1,1,1,1,1,1,1,1,1,1
734,2020-03-24,2062.0,1,1,1,1,1,1,1,1,1,1
735,2020-03-24,2065.0,1,1,1,1,1,1,1,1,1,1
736,2020-03-24,2073.0,1,1,1,1,1,1,1,1,1,1
737,2020-03-24,2077.0,2,2,2,2,2,2,2,2,2,2
738,2020-03-24,2085.0,1,1,1,1,1,1,1,1,1,1
739,2020-03-24,2088.0,2,2,2,2,2,2,2,2,2,2
740,2020-03-24,2092.0,2,2,2,2,2,2,2,2,2,2
741,2020-03-24,2094.0,2,2,2,2,2,2,2,2,2,2
742,2020-03-24,2095.0,1,1,1,1,1,1,1,1,1,1
743,2020-03-24,2096.0,2,2,2,2,2,2,2,2,2,2
744,2020-03-24,2097.0,1,1,1,1,1,1,1,1,1,1
745,2020-03-24,2099.0,2,2,2,2,2,2,2,2,2,2
746,2020-03-24,2101.0,2,2,2,2,2,2,2,2,2,2
747,2020-03-24,2111.0,1,1,1,1,1,1,1,1,1,1
748,2020-03-24,2113.0,2,2,2,2,2,2,2,2,2,2
749,2020-03-24,2114.0,1,1,1,1,1,1,1,1,1,1
750,2020-03-24,2122.0,3,3,3,3,3,3,3,3,3,3
751,2020-03-24,2125.0,1,1,1,1,1,1,1,1,1,1
752,2020-03-24,2142.0,1,1,1,1,1,1,1,1,1,1
753,2020-03-24,2145.0,1,1,1,1,1,1,1,1,1,1
754,2020-03-24,2148.0,1,1,1,1,1,1,1,1,1,1
755,2020-03-24,2152.0,1,1,1,1,1,1,1,1,1,1
756,2020-03-24,2153.0,1,1,1,1,1,1,1,1,1,1
757,2020-03-24,2162.0,2,2,2,2,2,2,2,2,2,2
758,2020-03-24,2164.0,2,2,2,2,2,2,2,2,2,2
759,2020-03-24,2171.0,4,4,4,4,4,4,4,4,4,4
760,2020-03-24,2194.0,1,1,1,1,1,1,1,1,1,1
761,2020-03-24,2196.0,2,2,2,2,2,2,2,2,2,2
762,2020-03-24,2208.0,1,1,1,1,1,1,1,1,1,1
763,2020-03-24,2209.0,1,1,1,1,1,1,1,1,1,1
764,2020-03-24,2219.0,1,1,1,1,1,1,1,1,1,1
765,2020-03-24,2223.0,1,1,1,1,1,1,1,1,1,1
766,2020-03-24,2229.0,2,2,2,2,2,2,2,2,2,2
767,2020-03-24,2230.0,3,3,3,3,3,3,3,3,3,3
768,2020-03-24,2250.0,6,6,6,6,6,6,6,6,6,6
769,2020-03-24,2251.0,2,2,2,2,2,2,2,2,2,2
770,2020-03-24,2259.0,3,3,3,3,3,3,3,3,3,3
771,2020-03-24,2261.0,1,1,1,1,1,1,1,1,1,1
772,2020-03-24,2263.0,1,1,1,1,1,1,1,1,1,1
773,2020-03-24,2278.0,1,1,1,1,1,1,1,1,1,1
774,2020-03-24,2280.0,1,1,1,1,1,1,1,1,1,1
775,2020-03-24,2283.0,2,2,2,2,2,2,2,2,2,2
776,2020-03-24,2286.0,1,1,1,1,1,1,1,1,1,1
777,2020-03-24,2287.0,2,2,2,2,2,2,2,2,2,2
778,2020-03-24,2289.0,1,1,1,1,1,1,1,1,1,1
779,2020-03-24,2290.0,1,1,1,1,1,1,1,1,1,1
780,2020-03-24,2316.0,1,1,1,1,1,1,1,1,1,1
781,2020-03-24,2317.0,2,2,2,2,2,2,2,2,2,2
782,2020-03-24,2321.0,2,2,2,2,2,2,2,2,2,2
783,2020-03-24,2322.0,1,1,1,1,1,1,1,1,1,1
784,2020-03-24,2323.0,4,4,4,4,4,4,4,4,4,4
785,2020-03-24,2325.0,1,1,1,1,1,1,1,1,1,1
786,2020-03-24,2327.0,2,2,2,2,2,2,2,2,2,2
787,2020-03-24,2335.0,1,1,1,1,1,1,1,1,1,1
788,2020-03-24,2340.0,2,2,2,2,2,2,2,2,2,2
789,2020-03-24,2360.0,1,1,1,1,1,1,1,1,1,1
790,2020-03-24,2428.0,2,2,2,2,2,2,2,2,2,2
791,2020-03-24,2430.0,3,3,3,3,3,3,3,3,3,3
792,2020-03-24,2444.0,1,1,1,1,1,1,1,1,1,1
793,2020-03-24,2446.0,1,1,1,1,1,1,1,1,1,1
794,2020-03-24,2465.0,1,1,1,1,1,1,1,1,1,1
795,2020-03-24,2478.0,1,1,1,1,1,1,1,1,1,1
796,2020-03-24,2480.0,2,2,2,2,2,2,2,2,2,2
797,2020-03-24,2481.0,1,1,1,1,1,1,1,1,1,1
798,2020-03-24,2486.0,1,1,1,1,1,1,1,1,1,1
799,2020-03-24,2500.0,1,1,1,1,1,1,1,1,1,1
800,2020-03-24,2517.0,1,1,1,1,1,1,1,1,1,1
801,2020-03-24,2525.0,2,2,2,2,2,2,2,2,2,2
802,2020-03-24,2526.0,1,1,1,1,1,1,1,1,1,1
803,2020-03-24,2527.0,2,2,2,2,2,2,2,2,2,2
804,2020-03-24,2528.0,1,1,1,1,1,1,1,1,1,1
805,2020-03-24,2529.0,2,2,2,2,2,2,2,2,2,2
806,2020-03-24,2530.0,1,1,1,1,1,1,1,1,1,1
807,2020-03-24,2536.0,1,1,1,1,1,1,1,1,1,1
808,2020-03-24,2548.0,2,2,2,2,2,2,2,2,2,2
809,2020-03-24,2550.0,1,1,1,1,1,1,1,1,1,1
810,2020-03-24,2560.0,1,1,1,1,1,1,1,1,1,1
811,2020-03-24,2580.0,1,1,1,1,1,1,1,1,1,1
812,2020-03-24,2590.0,1,1,1,1,1,1,1,1,1,1
813,2020-03-24,2620.0,2,2,2,2,2,2,2,2,2,2
814,2020-03-24,2640.0,2,2,2,2,2,2,2,2,2,2
815,2020-03-24,2641.0,1,1,1,1,1,1,1,1,1,1
816,2020-03-24,2643.0,1,1,1,1,1,1,1,1,1,1
817,2020-03-24,2646.0,2,2,2,2,2,2,2,2,2,2
818,2020-03-24,2650.0,2,2,2,2,2,2,2,2,2,2
819,2020-03-24,2680.0,1,1,1,1,1,1,1,1,1,1
820,2020-03-24,2745.0,4,4,4,4,4,4,4,4,4,4
821,2020-03-24,2753.0,3,3,3,3,3,3,3,3,3,3
822,2020-03-24,2756.0,3,3,3,3,3,3,3,3,3,3
823,2020-03-24,2758.0,1,1,1,1,1,1,1,1,1,1
824,2020-03-24,2759.0,5,5,5,5,5,5,5,5,5,5
825,2020-03-24,2760.0,1,1,1,1,1,1,1,1,1,1
826,2020-03-24,2763.0,1,1,1,1,1,1,1,1,1,1
827,2020-03-24,2767.0,1,1,1,1,1,1,1,1,1,1
828,2020-03-24,2770.0,1,1,1,1,1,1,1,1,1,1
829,2020-03-24,2777.0,1,1,1,1,1,1,1,1,1,1
830,2020-03-24,2779.0,1,1,1,1,1,1,1,1,1,1
831,2020-03-24,2795.0,2,2,2,2,2,2,2,2,2,2
832,2020-03-24,2866.0,1,1,1,1,1,1,1,1,1,1
833,2020-03-25,2000.0,1,1,1,1,1,1,1,1,1,1
834,2020-03-25,2007.0,1,1,1,1,1,1,1,1,1,1
835,2020-03-25,2010.0,2,2,2,2,2,2,2,2,2,2
836,2020-03-25,2011.0,1,1,1,1,1,1,1,1,1,1
837,2020-03-25,2017.0,1,1,1,1,1,1,1,1,1,1
838,2020-03-25,2021.0,2,2,2,2,2,2,2,2,2,2
839,2020-03-25,2022.0,3,3,3,3,3,3,3,3,3,3
840,2020-03-25,2023.0,2,2,2,2,2,2,2,2,2,2
841,2020-03-25,2026.0,7,7,7,7,7,7,7,7,7,7
842,2020-03-25,2027.0,1,1,1,1,1,1,1,1,1,1
843,2020-03-25,2029.0,2,2,2,2,2,2,2,2,2,2
844,2020-03-25,2030.0,1,1,1,1,1,1,1,1,1,1
845,2020-03-25,2031.0,3,3,3,3,3,3,3,3,3,3
846,2020-03-25,2035.0,1,1,1,1,1,1,1,1,1,1
847,2020-03-25,2043.0,1,1,1,1,1,1,1,1,1,1
848,2020-03-25,2044.0,2,2,2,2,2,2,2,2,2,2
849,2020-03-25,2046.0,1,1,1,1,1,1,1,1,1,1
850,2020-03-25,2047.0,1,1,1,1,1,1,1,1,1,1
851,2020-03-25,2062.0,1,1,1,1,1,1,1,1,1,1
852,2020-03-25,2066.0,1,1,1,1,1,1,1,1,1,1
853,2020-03-25,2068.0,1,1,1,1,1,1,1,1,1,1
854,2020-03-25,2070.0,1,1,1,1,1,1,1,1,1,1
855,2020-03-25,2075.0,1,1,1,1,1,1,1,1,1,1
856,2020-03-25,2076.0,1,1,1,1,1,1,1,1,1,1
857,2020-03-25,2077.0,1,1,1,1,1,1,1,1,1,1
858,2020-03-25,2084.0,1,1,1,1,1,1,1,1,1,1
859,2020-03-25,2087.0,1,1,1,1,1,1,1,1,1,1
860,2020-03-25,2088.0,2,2,2,2,2,2,2,2,2,2
861,2020-03-25,2089.0,1,1,1,1,1,1,1,1,1,1
862,2020-03-25,2090.0,2,2,2,2,2,2,2,2,2,2
863,2020-03-25,2092.0,1,1,1,1,1,1,1,1,1,1
864,2020-03-25,2095.0,3,3,3,3,3,3,3,3,3,3
865,2020-03-25,2096.0,1,1,1,1,1,1,1,1,1,1
866,2020-03-25,2100.0,1,1,1,1,1,1,1,1,1,1
867,2020-03-25,2101.0,1,1,1,1,1,1,1,1,1,1
868,2020-03-25,2102.0,3,3,3,3,3,3,3,3,3,3
869,2020-03-25,2110.0,2,2,2,2,2,2,2,2,2,2
870,2020-03-25,2113.0,1,1,1,1,1,1,1,1,1,1
871,2020-03-25,2117.0,1,1,1,1,1,1,1,1,1,1
872,2020-03-25,2121.0,1,1,1,1,1,1,1,1,1,1
873,2020-03-25,2126.0,1,1,1,1,1,1,1,1,1,1
874,2020-03-25,2131.0,3,3,3,3,3,3,3,3,3,3
875,2020-03-25,2140.0,1,1,1,1,1,1,1,1,1,1
876,2020-03-25,2145.0,1,1,1,1,1,1,1,1,1,1
877,2020-03-25,2147.0,1,1,1,1,1,1,1,1,1,1
878,2020-03-25,2148.0,2,2,2,2,2,2,2,2,2,2
879,2020-03-25,2150.0,1,1,1,1,1,1,1,1,1,1
880,2020-03-25,2153.0,1,1,1,1,1,1,1,1,1,1
881,2020-03-25,2155.0,2,2,2,2,2,2,2,2,2,2
882,2020-03-25,2159.0,1,1,1,1,1,1,1,1,1,1
883,2020-03-25,2171.0,1,1,1,1,1,1,1,1,1,1
884,2020-03-25,2190.0,1,1,1,1,1,1,1,1,1,1
885,2020-03-25,2199.0,2,2,2,2,2,2,2,2,2,2
886,2020-03-25,2200.0,2,2,2,2,2,2,2,2,2,2
887,2020-03-25,2203.0,1,1,1,1,1,1,1,1,1,1
888,2020-03-25,2210.0,1,1,1,1,1,1,1,1,1,1
889,2020-03-25,2211.0,2,2,2,2,2,2,2,2,2,2
890,2020-03-25,2212.0,1,1,1,1,1,1,1,1,1,1
891,2020-03-25,2216.0,1,1,1,1,1,1,1,1,1,1
892,2020-03-25,2219.0,1,1,1,1,1,1,1,1,1,1
893,2020-03-25,2220.0,1,1,1,1,1,1,1,1,1,1
894,2020-03-25,2229.0,2,2,2,2,2,2,2,2,2,2
895,2020-03-25,2232.0,2,2,2,2,2,2,2,2,2,2
896,2020-03-25,2233.0,2,2,2,2,2,2,2,2,2,2
897,2020-03-25,2251.0,1,1,1,1,1,1,1,1,1,1
898,2020-03-25,2256.0,1,1,1,1,1,1,1,1,1,1
899,2020-03-25,2259.0,4,4,4,4,4,4,4,4,4,4
900,2020-03-25,2260.0,3,3,3,3,3,3,3,3,3,3
901,2020-03-25,2283.0,1,1,1,1,1,1,1,1,1,1
902,2020-03-25,2284.0,1,1,1,1,1,1,1,1,1,1
903,2020-03-25,2285.0,1,1,1,1,1,1,1,1,1,1
904,2020-03-25,2287.0,1,1,1,1,1,1,1,1,1,1
905,2020-03-25,2300.0,1,1,1,1,1,1,1,1,1,1
906,2020-03-25,2305.0,1,1,1,1,1,1,1,1,1,1
907,2020-03-25,2318.0,1,1,1,1,1,1,1,1,1,1
908,2020-03-25,2320.0,1,1,1,1,1,1,1,1,1,1
909,2020-03-25,2322.0,3,3,3,3,3,3,3,3,3,3
910,2020-03-25,2333.0,1,1,1,1,1,1,1,1,1,1
911,2020-03-25,2337.0,1,1,1,1,1,1,1,1,1,1
912,2020-03-25,2340.0,1,1,1,1,1,1,1,1,1,1
913,2020-03-25,2371.0,2,2,2,2,2,2,2,2,2,2
914,2020-03-25,2428.0,4,4,4,4,4,4,4,4,4,4
915,2020-03-25,2430.0,2,2,2,2,2,2,2,2,2,2
916,2020-03-25,2450.0,3,3,3,3,3,3,3,3,3,3
917,2020-03-25,2479.0,1,1,1,1,1,1,1,1,1,1
918,2020-03-25,2486.0,2,2,2,2,2,2,2,2,2,2
919,2020-03-25,2519.0,1,1,1,1,1,1,1,1,1,1
920,2020-03-25,2529.0,2,2,2,2,2,2,2,2,2,2
921,2020-03-25,2530.0,1,1,1,1,1,1,1,1,1,1
922,2020-03-25,2535.0,2,2,2,2,2,2,2,2,2,2
923,2020-03-25,2539.0,2,2,2,2,2,2,2,2,2,2
924,2020-03-25,2548.0,2,2,2,2,2,2,2,2,2,2
925,2020-03-25,2560.0,4,4,4,4,4,4,4,4,4,4
926,2020-03-25,2566.0,1,1,1,1,1,1,1,1,1,1
927,2020-03-25,2567.0,1,1,1,1,1,1,1,1,1,1
928,2020-03-25,2569.0,1,1,1,1,1,1,1,1,1,1
929,2020-03-25,2576.0,1,1,1,1,1,1,1,1,1,1
930,2020-03-25,2577.0,1,1,1,1,1,1,1,1,1,1
931,2020-03-25,2631.0,1,1,1,1,1,1,1,1,1,1
932,2020-03-25,2644.0,1,1,1,1,1,1,1,1,1,1
933,2020-03-25,2650.0,2,2,2,2,2,2,2,2,2,2
934,2020-03-25,2660.0,1,1,1,1,1,1,1,1,1,1
935,2020-03-25,2745.0,1,1,1,1,1,1,1,1,1,1
936,2020-03-25,2747.0,1,1,1,1,1,1,1,1,1,1
937,2020-03-25,2749.0,1,1,1,1,1,1,1,1,1,1
938,2020-03-25,2750.0,1,1,1,1,1,1,1,1,1,1
939,2020-03-25,2753.0,1,1,1,1,1,1,1,1,1,1
940,2020-03-25,2754.0,1,1,1,1,1,1,1,1,1,1
941,2020-03-25,2757.0,1,1,1,1,1,1,1,1,1,1
942,2020-03-25,2763.0,1,1,1,1,1,1,1,1,1,1
943,2020-03-25,2765.0,3,3,3,3,3,3,3,3,3,3
944,2020-03-25,2766.0,1,1,1,1,1,1,1,1,1,1
945,2020-03-25,2770.0,1,1,1,1,1,1,1,1,1,1
946,2020-03-25,2779.0,1,1,1,1,1,1,1,1,1,1
947,2020-03-25,2780.0,1,1,1,1,1,1,1,1,1,1
948,2020-03-25,2783.0,1,1,1,1,1,1,1,1,1,1
949,2020-03-25,2795.0,1,1,1,1,1,1,1,1,1,1
950,2020-03-25,2800.0,1,1,1,1,1,1,1,1,1,1
951,2020-03-25,2810.0,1,1,1,1,1,1,1,1,1,1
952,2020-03-25,2820.0,2,2,2,2,2,2,2,2,2,2
953,2020-03-25,2821.0,1,1,1,1,1,1,1,1,1,1
954,2020-03-25,2830.0,1,1,1,1,1,1,1,1,1,1
955,2020-03-25,2850.0,1,1,1,1,1,1,1,1,1,1
956,2020-03-26,2000.0,1,1,1,1,1,1,1,1,1,1
957,2020-03-26,2009.0,1,1,1,1,1,1,1,1,1,1
958,2020-03-26,2010.0,2,2,2,2,2,2,2,2,2,2
959,2020-03-26,2015.0,1,1,1,1,1,1,1,1,1,1
960,2020-03-26,2016.0,1,1,1,1,1,1,1,1,1,1
961,2020-03-26,2017.0,1,1,1,1,1,1,1,1,1,1
962,2020-03-26,2021.0,1,1,1,1,1,1,1,1,1,1
963,2020-03-26,2022.0,5,5,5,5,5,5,5,5,5,5
964,2020-03-26,2025.0,1,1,1,1,1,1,1,1,1,1
965,2020-03-26,2026.0,6,6,6,6,6,6,6,6,6,6
966,2020-03-26,2030.0,1,1,1,1,1,1,1,1,1,1
967,2020-03-26,2031.0,1,1,1,1,1,1,1,1,1,1
968,2020-03-26,2033.0,1,1,1,1,1,1,1,1,1,1
969,2020-03-26,2034.0,1,1,1,1,1,1,1,1,1,1
970,2020-03-26,2035.0,3,3,3,3,3,3,3,3,3,3
971,2020-03-26,2040.0,2,2,2,2,2,2,2,2,2,2
972,2020-03-26,2041.0,1,1,1,1,1,1,1,1,1,1
973,2020-03-26,2044.0,1,1,1,1,1,1,1,1,1,1
974,2020-03-26,2050.0,3,3,3,3,3,3,3,3,3,3
975,2020-03-26,2065.0,2,2,2,2,2,2,2,2,2,2
976,2020-03-26,2074.0,1,1,1,1,1,1,1,1,1,1
977,2020-03-26,2075.0,1,1,1,1,1,1,1,1,1,1
978,2020-03-26,2076.0,2,2,2,2,2,2,2,2,2,2
979,2020-03-26,2077.0,2,2,2,2,2,2,2,2,2,2
980,2020-03-26,2087.0,1,1,1,1,1,1,1,1,1,1
981,2020-03-26,2088.0,2,2,2,2,2,2,2,2,2,2
982,2020-03-26,2090.0,1,1,1,1,1,1,1,1,1,1
983,2020-03-26,2093.0,1,1,1,1,1,1,1,1,1,1
984,2020-03-26,2094.0,1,1,1,1,1,1,1,1,1,1
985,2020-03-26,2095.0,1,1,1,1,1,1,1,1,1,1
986,2020-03-26,2096.0,3,3,3,3,3,3,3,3,3,3
987,2020-03-26,2099.0,1,1,1,1,1,1,1,1,1,1
988,2020-03-26,2100.0,2,2,2,2,2,2,2,2,2,2
989,2020-03-26,2101.0,1,1,1,1,1,1,1,1,1,1
990,2020-03-26,2102.0,1,1,1,1,1,1,1,1,1,1
991,2020-03-26,2103.0,1,1,1,1,1,1,1,1,1,1
992,2020-03-26,2110.0,2,2,2,2,2,2,2,2,2,2
993,2020-03-26,2122.0,1,1,1,1,1,1,1,1,1,1
994,2020-03-26,2126.0,1,1,1,1,1,1,1,1,1,1
995,2020-03-26,2137.0,1,1,1,1,1,1,1,1,1,1
996,2020-03-26,2138.0,1,1,1,1,1,1,1,1,1,1
997,2020-03-26,2142.0,2,2,2,2,2,2,2,2,2,2
998,2020-03-26,2145.0,2,2,2,2,2,2,2,2,2,2
999,2020-03-26,2147.0,3,3,3,3,3,3,3,3,3,3
1000,2020-03-26,2148.0,2,2,2,2,2,2,2,2,2,2
1001,2020-03-26,2150.0,1,1,1,1,1,1,1,1,1,1
1002,2020-03-26,2151.0,1,1,1,1,1,1,1,1,1,1
1003,2020-03-26,2155.0,2,2,2,2,2,2,2,2,2,2
1004,2020-03-26,2160.0,1,1,1,1,1,1,1,1,1,1
1005,2020-03-26,2170.0,1,1,1,1,1,1,1,1,1,1
1006,2020-03-26,2171.0,1,1,1,1,1,1,1,1,1,1
1007,2020-03-26,2176.0,4,4,4,4,4,4,4,4,4,4
1008,2020-03-26,2178.0,1,1,1,1,1,1,1,1,1,1
1009,2020-03-26,2191.0,1,1,1,1,1,1,1,1,1,1
1010,2020-03-26,2193.0,1,1,1,1,1,1,1,1,1,1
1011,2020-03-26,2195.0,1,1,1,1,1,1,1,1,1,1
1012,2020-03-26,2199.0,1,1,1,1,1,1,1,1,1,1
1013,2020-03-26,2200.0,2,2,2,2,2,2,2,2,2,2
1014,2020-03-26,2204.0,1,1,1,1,1,1,1,1,1,1
1015,2020-03-26,2206.0,2,2,2,2,2,2,2,2,2,2
1016,2020-03-26,2207.0,1,1,1,1,1,1,1,1,1,1
1017,2020-03-26,2210.0,3,3,3,3,3,3,3,3,3,3
1018,2020-03-26,2218.0,1,1,1,1,1,1,1,1,1,1
1019,2020-03-26,2220.0,2,2,2,2,2,2,2,2,2,2
1020,2020-03-26,2221.0,1,1,1,1,1,1,1,1,1,1
1021,2020-03-26,2225.0,1,1,1,1,1,1,1,1,1,1
1022,2020-03-26,2229.0,1,1,1,1,1,1,1,1,1,1
1023,2020-03-26,2234.0,1,1,1,1,1,1,1,1,1,1
1024,2020-03-26,2250.0,4,4,4,4,4,4,4,4,4,4
1025,2020-03-26,2251.0,2,2,2,2,2,2,2,2,2,2
1026,2020-03-26,2257.0,3,3,3,3,3,3,3,3,3,3
1027,2020-03-26,2259.0,2,2,2,2,2,2,2,2,2,2
1028,2020-03-26,2261.0,2,2,2,2,2,2,2,2,2,2
1029,2020-03-26,2287.0,3,3,3,3,3,3,3,3,3,3
1030,2020-03-26,2290.0,1,1,1,1,1,1,1,1,1,1
1031,2020-03-26,2292.0,1,1,1,1,1,1,1,1,1,1
1032,2020-03-26,2298.0,2,2,2,2,2,2,2,2,2,2
1033,2020-03-26,2305.0,1,1,1,1,1,1,1,1,1,1
1034,2020-03-26,2315.0,2,2,2,2,2,2,2,2,2,2
1035,2020-03-26,2318.0,1,1,1,1,1,1,1,1,1,1
1036,2020-03-26,2323.0,1,1,1,1,1,1,1,1,1,1
1037,2020-03-26,2324.0,1,1,1,1,1,1,1,1,1,1
1038,2020-03-26,2325.0,2,2,2,2,2,2,2,2,2,2
1039,2020-03-26,2340.0,1,1,1,1,1,1,1,1,1,1
1040,2020-03-26,2420.0,1,1,1,1,1,1,1,1,1,1
1041,2020-03-26,2430.0,1,1,1,1,1,1,1,1,1,1
1042,2020-03-26,2431.0,1,1,1,1,1,1,1,1,1,1
1043,2020-03-26,2440.0,1,1,1,1,1,1,1,1,1,1
1044,2020-03-26,2444.0,2,2,2,2,2,2,2,2,2,2
1045,2020-03-26,2445.0,1,1,1,1,1,1,1,1,1,1
1046,2020-03-26,2446.0,1,1,1,1,1,1,1,1,1,1
1047,2020-03-26,2447.0,1,1,1,1,1,1,1,1,1,1
1048,2020-03-26,2448.0,1,1,1,1,1,1,1,1,1,1
1049,2020-03-26,2460.0,2,2,2,2,2,2,2,2,2,2
1050,2020-03-26,2478.0,1,1,1,1,1,1,1,1,1,1
1051,2020-03-26,2483.0,1,1,1,1,1,1,1,1,1,1
1052,2020-03-26,2506.0,1,1,1,1,1,1,1,1,1,1
1053,2020-03-26,2515.0,1,1,1,1,1,1,1,1,1,1
1054,2020-03-26,2519.0,2,2,2,2,2,2,2,2,2,2
1055,2020-03-26,2526.0,1,1,1,1,1,1,1,1,1,1
1056,2020-03-26,2528.0,1,1,1,1,1,1,1,1,1,1
1057,2020-03-26,2533.0,1,1,1,1,1,1,1,1,1,1
1058,2020-03-26,2535.0,1,1,1,1,1,1,1,1,1,1
1059,2020-03-26,2560.0,2,2,2,2,2,2,2,2,2,2
1060,2020-03-26,2564.0,1,1,1,1,1,1,1,1,1,1
1061,2020-03-26,2567.0,2,2,2,2,2,2,2,2,2,2
1062,2020-03-26,2570.0,2,2,2,2,2,2,2,2,2,2
1063,2020-03-26,2571.0,1,1,1,1,1,1,1,1,1,1
1064,2020-03-26,2580.0,2,2,2,2,2,2,2,2,2,2
1065,2020-03-26,2582.0,2,2,2,2,2,2,2,2,2,2
1066,2020-03-26,2619.0,1,1,1,1,1,1,1,1,1,1
1067,2020-03-26,2620.0,1,1,1,1,1,1,1,1,1,1
1068,2020-03-26,2621.0,1,1,1,1,1,1,1,1,1,1
1069,2020-03-26,2627.0,3,3,3,3,3,3,3,3,3,3
1070,2020-03-26,2630.0,1,1,1,1,1,1,1,1,1,1
1071,2020-03-26,2640.0,2,2,2,2,2,2,2,2,2,2
1072,2020-03-26,2646.0,1,1,1,1,1,1,1,1,1,1
1073,2020-03-26,2647.0,1,1,1,1,1,1,1,1,1,1
1074,2020-03-26,2650.0,1,1,1,1,1,1,1,1,1,1
1075,2020-03-26,2680.0,2,2,2,2,2,2,2,2,2,2
1076,2020-03-26,2745.0,4,4,4,4,4,4,4,4,4,4
1077,2020-03-26,2750.0,1,1,1,1,1,1,1,1,1,1
1078,2020-03-26,2756.0,2,2,2,2,2,2,2,2,2,2
1079,2020-03-26,2763.0,1,1,1,1,1,1,1,1,1,1
1080,2020-03-26,2774.0,1,1,1,1,1,1,1,1,1,1
1081,2020-03-26,2780.0,1,1,1,1,1,1,1,1,1,1
1082,2020-03-26,2795.0,1,1,1,1,1,1,1,1,1,1
1083,2020-03-26,2824.0,1,1,1,1,1,1,1,1,1,1
1084,2020-03-27,2010.0,2,2,2,2,2,2,2,2,2,2
1085,2020-03-27,2011.0,4,4,4,4,4,4,4,4,4,4
1086,2020-03-27,2015.0,1,1,1,1,1,1,1,1,1,1
1087,2020-03-27,2018.0,3,3,3,3,3,3,3,3,3,3
1088,2020-03-27,2021.0,1,1,1,1,1,1,1,1,1,1
1089,2020-03-27,2022.0,3,3,3,3,3,3,3,3,3,3
1090,2020-03-27,2023.0,2,2,2,2,2,2,2,2,2,2
1091,2020-03-27,2024.0,1,1,1,1,1,1,1,1,1,1
1092,2020-03-27,2026.0,2,2,2,2,2,2,2,2,2,2
1093,2020-03-27,2029.0,1,1,1,1,1,1,1,1,1,1
1094,2020-03-27,2031.0,1,1,1,1,1,1,1,1,1,1
1095,2020-03-27,2035.0,2,2,2,2,2,2,2,2,2,2
1096,2020-03-27,2037.0,1,1,1,1,1,1,1,1,1,1
1097,2020-03-27,2039.0,2,2,2,2,2,2,2,2,2,2
1098,2020-03-27,2040.0,1,1,1,1,1,1,1,1,1,1
1099,2020-03-27,2044.0,2,2,2,2,2,2,2,2,2,2
1100,2020-03-27,2046.0,1,1,1,1,1,1,1,1,1,1
1101,2020-03-27,2060.0,2,2,2,2,2,2,2,2,2,2
1102,2020-03-27,2061.0,2,2,2,2,2,2,2,2,2,2
1103,2020-03-27,2062.0,1,1,1,1,1,1,1,1,1,1
1104,2020-03-27,2065.0,1,1,1,1,1,1,1,1,1,1
1105,2020-03-27,2066.0,1,1,1,1,1,1,1,1,1,1
1106,2020-03-27,2067.0,1,1,1,1,1,1,1,1,1,1
1107,2020-03-27,2068.0,2,2,2,2,2,2,2,2,2,2
1108,2020-03-27,2070.0,2,2,2,2,2,2,2,2,2,2
1109,2020-03-27,2071.0,1,1,1,1,1,1,1,1,1,1
1110,2020-03-27,2072.0,1,1,1,1,1,1,1,1,1,1
1111,2020-03-27,2074.0,1,1,1,1,1,1,1,1,1,1
1112,2020-03-27,2075.0,1,1,1,1,1,1,1,1,1,1
1113,2020-03-27,2076.0,1,1,1,1,1,1,1,1,1,1
1114,2020-03-27,2077.0,2,2,2,2,2,2,2,2,2,2
1115,2020-03-27,2081.0,1,1,1,1,1,1,1,1,1,1
1116,2020-03-27,2085.0,1,1,1,1,1,1,1,1,1,1
1117,2020-03-27,2088.0,1,1,1,1,1,1,1,1,1,1
1118,2020-03-27,2089.0,2,2,2,2,2,2,2,2,2,2
1119,2020-03-27,2090.0,2,2,2,2,2,2,2,2,2,2
1120,2020-03-27,2093.0,1,1,1,1,1,1,1,1,1,1
1121,2020-03-27,2095.0,1,1,1,1,1,1,1,1,1,1
1122,2020-03-27,2096.0,1,1,1,1,1,1,1,1,1,1
1123,2020-03-27,2099.0,1,1,1,1,1,1,1,1,1,1
1124,2020-03-27,2112.0,2,2,2,2,2,2,2,2,2,2
1125,2020-03-27,2113.0,2,2,2,2,2,2,2,2,2,2
1126,2020-03-27,2116.0,1,1,1,1,1,1,1,1,1,1
1127,2020-03-27,2119.0,1,1,1,1,1,1,1,1,1,1
1128,2020-03-27,2120.0,2,2,2,2,2,2,2,2,2,2
1129,2020-03-27,2122.0,2,2,2,2,2,2,2,2,2,2
1130,2020-03-27,2127.0,1,1,1,1,1,1,1,1,1,1
1131,2020-03-27,2131.0,1,1,1,1,1,1,1,1,1,1
1132,2020-03-27,2137.0,1,1,1,1,1,1,1,1,1,1
1133,2020-03-27,2145.0,1,1,1,1,1,1,1,1,1,1
1134,2020-03-27,2148.0,5,5,5,5,5,5,5,5,5,5
1135,2020-03-27,2153.0,1,1,1,1,1,1,1,1,1,1
1136,2020-03-27,2155.0,3,3,3,3,3,3,3,3,3,3
1137,2020-03-27,2160.0,1,1,1,1,1,1,1,1,1,1
1138,2020-03-27,2161.0,1,1,1,1,1,1,1,1,1,1
1139,2020-03-27,2163.0,1,1,1,1,1,1,1,1,1,1
1140,2020-03-27,2168.0,1,1,1,1,1,1,1,1,1,1
1141,2020-03-27,2170.0,1,1,1,1,1,1,1,1,1,1
1142,2020-03-27,2171.0,2,2,2,2,2,2,2,2,2,2
1143,2020-03-27,2192.0,1,1,1,1,1,1,1,1,1,1
1144,2020-03-27,2200.0,1,1,1,1,1,1,1,1,1,1
1145,2020-03-27,2204.0,2,2,2,2,2,2,2,2,2,2
1146,2020-03-27,2209.0,6,6,6,6,6,6,6,6,6,6
1147,2020-03-27,2213.0,1,1,1,1,1,1,1,1,1,1
1148,2020-03-27,2216.0,2,2,2,2,2,2,2,2,2,2
1149,2020-03-27,2217.0,1,1,1,1,1,1,1,1,1,1
1150,2020-03-27,2225.0,1,1,1,1,1,1,1,1,1,1
1151,2020-03-27,2229.0,1,1,1,1,1,1,1,1,1,1
1152,2020-03-27,2230.0,1,1,1,1,1,1,1,1,1,1
1153,2020-03-27,2232.0,1,1,1,1,1,1,1,1,1,1
1154,2020-03-27,2234.0,1,1,1,1,1,1,1,1,1,1
1155,2020-03-27,2250.0,5,5,5,5,5,5,5,5,5,5
1156,2020-03-27,2251.0,1,1,1,1,1,1,1,1,1,1
1157,2020-03-27,2257.0,1,1,1,1,1,1,1,1,1,1
1158,2020-03-27,2259.0,3,3,3,3,3,3,3,3,3,3
1159,2020-03-27,2260.0,1,1,1,1,1,1,1,1,1,1
1160,2020-03-27,2262.0,4,4,4,4,4,4,4,4,4,4
1161,2020-03-27,2280.0,1,1,1,1,1,1,1,1,1,1
1162,2020-03-27,2292.0,1,1,1,1,1,1,1,1,1,1
1163,2020-03-27,2300.0,1,1,1,1,1,1,1,1,1,1
1164,2020-03-27,2316.0,1,1,1,1,1,1,1,1,1,1
1165,2020-03-27,2317.0,1,1,1,1,1,1,1,1,1,1
1166,2020-03-27,2320.0,1,1,1,1,1,1,1,1,1,1
1167,2020-03-27,2325.0,1,1,1,1,1,1,1,1,1,1
1168,2020-03-27,2330.0,1,1,1,1,1,1,1,1,1,1
1169,2020-03-27,2340.0,1,1,1,1,1,1,1,1,1,1
1170,2020-03-27,2372.0,1,1,1,1,1,1,1,1,1,1
1171,2020-03-27,2427.0,1,1,1,1,1,1,1,1,1,1
1172,2020-03-27,2428.0,4,4,4,4,4,4,4,4,4,4
1173,2020-03-27,2430.0,1,1,1,1,1,1,1,1,1,1
1174,2020-03-27,2443.0,1,1,1,1,1,1,1,1,1,1
1175,2020-03-27,2444.0,3,3,3,3,3,3,3,3,3,3
1176,2020-03-27,2450.0,2,2,2,2,2,2,2,2,2,2
1177,2020-03-27,2454.0,1,1,1,1,1,1,1,1,1,1
1178,2020-03-27,2464.0,1,1,1,1,1,1,1,1,1,1
1179,2020-03-27,2480.0,1,1,1,1,1,1,1,1,1,1
1180,2020-03-27,2483.0,1,1,1,1,1,1,1,1,1,1
1181,2020-03-27,2515.0,2,2,2,2,2,2,2,2,2,2
1182,2020-03-27,2517.0,1,1,1,1,1,1,1,1,1,1
1183,2020-03-27,2528.0,1,1,1,1,1,1,1,1,1,1
1184,2020-03-27,2530.0,1,1,1,1,1,1,1,1,1,1
1185,2020-03-27,2536.0,1,1,1,1,1,1,1,1,1,1
1186,2020-03-27,2540.0,2,2,2,2,2,2,2,2,2,2
1187,2020-03-27,2541.0,1,1,1,1,1,1,1,1,1,1
1188,2020-03-27,2546.0,1,1,1,1,1,1,1,1,1,1
1189,2020-03-27,2560.0,1,1,1,1,1,1,1,1,1,1
1190,2020-03-27,2566.0,1,1,1,1,1,1,1,1,1,1
1191,2020-03-27,2567.0,2,2,2,2,2,2,2,2,2,2
1192,2020-03-27,2570.0,1,1,1,1,1,1,1,1,1,1
1193,2020-03-27,2576.0,1,1,1,1,1,1,1,1,1,1
1194,2020-03-27,2581.0,2,2,2,2,2,2,2,2,2,2
1195,2020-03-27,2643.0,1,1,1,1,1,1,1,1,1,1
1196,2020-03-27,2646.0,1,1,1,1,1,1,1,1,1,1
1197,2020-03-27,2716.0,2,2,2,2,2,2,2,2,2,2
1198,2020-03-27,2745.0,1,1,1,1,1,1,1,1,1,1
1199,2020-03-27,2749.0,3,3,3,3,3,3,3,3,3,3
1200,2020-03-27,2750.0,3,3,3,3,3,3,3,3,3,3
1201,2020-03-27,2758.0,1,1,1,1,1,1,1,1,1,1
1202,2020-03-27,2760.0,1,1,1,1,1,1,1,1,1,1
1203,2020-03-27,2761.0,1,1,1,1,1,1,1,1,1,1
1204,2020-03-27,2763.0,2,2,2,2,2,2,2,2,2,2
1205,2020-03-27,2777.0,1,1,1,1,1,1,1,1,1,1
1206,2020-03-27,2800.0,1,1,1,1,1,1,1,1,1,1
1207,2020-03-27,2843.0,1,1,1,1,1,1,1,1,1,1
1208,2020-03-27,2866.0,1,1,1,1,1,1,1,1,1,1
1209,2020-03-28,2007.0,1,1,1,1,1,1,1,1,1,1
1210,2020-03-28,2009.0,1,1,1,1,1,1,1,1,1,1
1211,2020-03-28,2011.0,1,1,1,1,1,1,1,1,1,1
1212,2020-03-28,2017.0,1,1,1,1,1,1,1,1,1,1
1213,2020-03-28,2020.0,3,3,3,3,3,3,3,3,3,3
1214,2020-03-28,2022.0,1,1,1,1,1,1,1,1,1,1
1215,2020-03-28,2023.0,2,2,2,2,2,2,2,2,2,2
1216,2020-03-28,2034.0,1,1,1,1,1,1,1,1,1,1
1217,2020-03-28,2038.0,1,1,1,1,1,1,1,1,1,1
1218,2020-03-28,2039.0,1,1,1,1,1,1,1,1,1,1
1219,2020-03-28,2044.0,1,1,1,1,1,1,1,1,1,1
1220,2020-03-28,2046.0,2,2,2,2,2,2,2,2,2,2
1221,2020-03-28,2060.0,1,1,1,1,1,1,1,1,1,1
1222,2020-03-28,2068.0,1,1,1,1,1,1,1,1,1,1
1223,2020-03-28,2074.0,1,1,1,1,1,1,1,1,1,1
1224,2020-03-28,2076.0,1,1,1,1,1,1,1,1,1,1
1225,2020-03-28,2077.0,1,1,1,1,1,1,1,1,1,1
1226,2020-03-28,2092.0,2,2,2,2,2,2,2,2,2,2
1227,2020-03-28,2093.0,2,2,2,2,2,2,2,2,2,2
1228,2020-03-28,2097.0,3,3,3,3,3,3,3,3,3,3
1229,2020-03-28,2099.0,1,1,1,1,1,1,1,1,1,1
1230,2020-03-28,2100.0,1,1,1,1,1,1,1,1,1,1
1231,2020-03-28,2101.0,1,1,1,1,1,1,1,1,1,1
1232,2020-03-28,2112.0,3,3,3,3,3,3,3,3,3,3
1233,2020-03-28,2113.0,1,1,1,1,1,1,1,1,1,1
1234,2020-03-28,2122.0,2,2,2,2,2,2,2,2,2,2
1235,2020-03-28,2125.0,1,1,1,1,1,1,1,1,1,1
1236,2020-03-28,2138.0,1,1,1,1,1,1,1,1,1,1
1237,2020-03-28,2145.0,4,4,4,4,4,4,4,4,4,4
1238,2020-03-28,2148.0,2,2,2,2,2,2,2,2,2,2
1239,2020-03-28,2153.0,1,1,1,1,1,1,1,1,1,1
1240,2020-03-28,2155.0,2,2,2,2,2,2,2,2,2,2
1241,2020-03-28,2160.0,1,1,1,1,1,1,1,1,1,1
1242,2020-03-28,2162.0,1,1,1,1,1,1,1,1,1,1
1243,2020-03-28,2198.0,2,2,2,2,2,2,2,2,2,2
1244,2020-03-28,2200.0,1,1,1,1,1,1,1,1,1,1
1245,2020-03-28,2207.0,1,1,1,1,1,1,1,1,1,1
1246,2020-03-28,2210.0,1,1,1,1,1,1,1,1,1,1
1247,2020-03-28,2212.0,1,1,1,1,1,1,1,1,1,1
1248,2020-03-28,2213.0,1,1,1,1,1,1,1,1,1,1
1249,2020-03-28,2217.0,1,1,1,1,1,1,1,1,1,1
1250,2020-03-28,2228.0,1,1,1,1,1,1,1,1,1,1
1251,2020-03-28,2229.0,1,1,1,1,1,1,1,1,1,1
1252,2020-03-28,2232.0,1,1,1,1,1,1,1,1,1,1
1253,2020-03-28,2233.0,1,1,1,1,1,1,1,1,1,1
1254,2020-03-28,2251.0,5,5,5,5,5,5,5,5,5,5
1255,2020-03-28,2257.0,1,1,1,1,1,1,1,1,1,1
1256,2020-03-28,2259.0,1,1,1,1,1,1,1,1,1,1
1257,2020-03-28,2281.0,1,1,1,1,1,1,1,1,1,1
1258,2020-03-28,2291.0,1,1,1,1,1,1,1,1,1,1
1259,2020-03-28,2315.0,1,1,1,1,1,1,1,1,1,1
1260,2020-03-28,2316.0,3,3,3,3,3,3,3,3,3,3
1261,2020-03-28,2325.0,2,2,2,2,2,2,2,2,2,2
1262,2020-03-28,2330.0,1,1,1,1,1,1,1,1,1,1
1263,2020-03-28,2350.0,1,1,1,1,1,1,1,1,1,1
1264,2020-03-28,2439.0,1,1,1,1,1,1,1,1,1,1
1265,2020-03-28,2444.0,3,3,3,3,3,3,3,3,3,3
1266,2020-03-28,2445.0,1,1,1,1,1,1,1,1,1,1
1267,2020-03-28,2446.0,1,1,1,1,1,1,1,1,1,1
1268,2020-03-28,2464.0,1,1,1,1,1,1,1,1,1,1
1269,2020-03-28,2477.0,1,1,1,1,1,1,1,1,1,1
1270,2020-03-28,2482.0,1,1,1,1,1,1,1,1,1,1
1271,2020-03-28,2483.0,1,1,1,1,1,1,1,1,1,1
1272,2020-03-28,2518.0,1,1,1,1,1,1,1,1,1,1
1273,2020-03-28,2536.0,2,2,2,2,2,2,2,2,2,2
1274,2020-03-28,2539.0,1,1,1,1,1,1,1,1,1,1
1275,2020-03-28,2560.0,1,1,1,1,1,1,1,1,1,1
1276,2020-03-28,2565.0,1,1,1,1,1,1,1,1,1,1
1277,2020-03-28,2567.0,2,2,2,2,2,2,2,2,2,2
1278,2020-03-28,2575.0,1,1,1,1,1,1,1,1,1,1
1279,2020-03-28,2582.0,2,2,2,2,2,2,2,2,2,2
1280,2020-03-28,2620.0,1,1,1,1,1,1,1,1,1,1
1281,2020-03-28,2650.0,3,3,3,3,3,3,3,3,3,3
1282,2020-03-28,2711.0,1,1,1,1,1,1,1,1,1,1
1283,2020-03-28,2716.0,1,1,1,1,1,1,1,1,1,1
1284,2020-03-28,2745.0,1,1,1,1,1,1,1,1,1,1
1285,2020-03-28,2768.0,1,1,1,1,1,1,1,1,1,1
1286,2020-03-28,2769.0,1,1,1,1,1,1,1,1,1,1
1287,2020-03-28,2780.0,1,1,1,1,1,1,1,1,1,1
1288,2020-03-28,2850.0,2,2,2,2,2,2,2,2,2,2
1289,2020-03-29,2008.0,1,1,1,1,1,1,1,1,1,1
1290,2020-03-29,2009.0,2,2,2,2,2,2,2,2,2,2
1291,2020-03-29,2010.0,1,1,1,1,1,1,1,1,1,1
1292,2020-03-29,2011.0,2,2,2,2,2,2,2,2,2,2
1293,2020-03-29,2018.0,1,1,1,1,1,1,1,1,1,1
1294,2020-03-29,2019.0,1,1,1,1,1,1,1,1,1,1
1295,2020-03-29,2020.0,3,3,3,3,3,3,3,3,3,3
1296,2020-03-29,2023.0,1,1,1,1,1,1,1,1,1,1
1297,2020-03-29,2031.0,1,1,1,1,1,1,1,1,1,1
1298,2020-03-29,2042.0,2,2,2,2,2,2,2,2,2,2
1299,2020-03-29,2046.0,2,2,2,2,2,2,2,2,2,2
1300,2020-03-29,2049.0,1,1,1,1,1,1,1,1,1,1
1301,2020-03-29,2063.0,1,1,1,1,1,1,1,1,1,1
1302,2020-03-29,2065.0,1,1,1,1,1,1,1,1,1,1
1303,2020-03-29,2066.0,1,1,1,1,1,1,1,1,1,1
1304,2020-03-29,2086.0,1,1,1,1,1,1,1,1,1,1
1305,2020-03-29,2090.0,1,1,1,1,1,1,1,1,1,1
1306,2020-03-29,2094.0,1,1,1,1,1,1,1,1,1,1
1307,2020-03-29,2096.0,1,1,1,1,1,1,1,1,1,1
1308,2020-03-29,2103.0,1,1,1,1,1,1,1,1,1,1
1309,2020-03-29,2107.0,1,1,1,1,1,1,1,1,1,1
1310,2020-03-29,2125.0,2,2,2,2,2,2,2,2,2,2
1311,2020-03-29,2130.0,1,1,1,1,1,1,1,1,1,1
1312,2020-03-29,2134.0,2,2,2,2,2,2,2,2,2,2
1313,2020-03-29,2138.0,1,1,1,1,1,1,1,1,1,1
1314,2020-03-29,2145.0,1,1,1,1,1,1,1,1,1,1
1315,2020-03-29,2147.0,1,1,1,1,1,1,1,1,1,1
1316,2020-03-29,2148.0,8,8,8,8,8,8,8,8,8,8
1317,2020-03-29,2151.0,1,1,1,1,1,1,1,1,1,1
1318,2020-03-29,2153.0,1,1,1,1,1,1,1,1,1,1
1319,2020-03-29,2155.0,3,3,3,3,3,3,3,3,3,3
1320,2020-03-29,2168.0,2,2,2,2,2,2,2,2,2,2
1321,2020-03-29,2170.0,1,1,1,1,1,1,1,1,1,1
1322,2020-03-29,2171.0,1,1,1,1,1,1,1,1,1,1
1323,2020-03-29,2194.0,2,2,2,2,2,2,2,2,2,2
1324,2020-03-29,2206.0,1,1,1,1,1,1,1,1,1,1
1325,2020-03-29,2210.0,2,2,2,2,2,2,2,2,2,2
1326,2020-03-29,2216.0,1,1,1,1,1,1,1,1,1,1
1327,2020-03-29,2217.0,3,3,3,3,3,3,3,3,3,3
1328,2020-03-29,2218.0,1,1,1,1,1,1,1,1,1,1
1329,2020-03-29,2220.0,1,1,1,1,1,1,1,1,1,1
1330,2020-03-29,2234.0,2,2,2,2,2,2,2,2,2,2
1331,2020-03-29,2250.0,3,3,3,3,3,3,3,3,3,3
1332,2020-03-29,2251.0,2,2,2,2,2,2,2,2,2,2
1333,2020-03-29,2257.0,2,2,2,2,2,2,2,2,2,2
1334,2020-03-29,2263.0,1,1,1,1,1,1,1,1,1,1
1335,2020-03-29,2280.0,1,1,1,1,1,1,1,1,1,1
1336,2020-03-29,2282.0,1,1,1,1,1,1,1,1,1,1
1337,2020-03-29,2283.0,1,1,1,1,1,1,1,1,1,1
1338,2020-03-29,2287.0,1,1,1,1,1,1,1,1,1,1
1339,2020-03-29,2289.0,1,1,1,1,1,1,1,1,1,1
1340,2020-03-29,2305.0,2,2,2,2,2,2,2,2,2,2
1341,2020-03-29,2316.0,1,1,1,1,1,1,1,1,1,1
1342,2020-03-29,2319.0,1,1,1,1,1,1,1,1,1,1
1343,2020-03-29,2321.0,2,2,2,2,2,2,2,2,2,2
1344,2020-03-29,2325.0,1,1,1,1,1,1,1,1,1,1
1345,2020-03-29,2340.0,1,1,1,1,1,1,1,1,1,1
1346,2020-03-29,2428.0,1,1,1,1,1,1,1,1,1,1
1347,2020-03-29,2439.0,1,1,1,1,1,1,1,1,1,1
1348,2020-03-29,2445.0,1,1,1,1,1,1,1,1,1,1
1349,2020-03-29,2500.0,3,3,3,3,3,3,3,3,3,3
1350,2020-03-29,2535.0,1,1,1,1,1,1,1,1,1,1
1351,2020-03-29,2537.0,1,1,1,1,1,1,1,1,1,1
1352,2020-03-29,2540.0,3,3,3,3,3,3,3,3,3,3
1353,2020-03-29,2564.0,1,1,1,1,1,1,1,1,1,1
1354,2020-03-29,2578.0,1,1,1,1,1,1,1,1,1,1
1355,2020-03-29,2582.0,2,2,2,2,2,2,2,2,2,2
1356,2020-03-29,2642.0,1,1,1,1,1,1,1,1,1,1
1357,2020-03-29,2650.0,1,1,1,1,1,1,1,1,1,1
1358,2020-03-29,2761.0,1,1,1,1,1,1,1,1,1,1
1359,2020-03-29,2763.0,1,1,1,1,1,1,1,1,1,1
1360,2020-03-29,2765.0,1,1,1,1,1,1,1,1,1,1
1361,2020-03-29,2766.0,1,1,1,1,1,1,1,1,1,1
1362,2020-03-29,2770.0,3,3,3,3,3,3,3,3,3,3
1363,2020-03-29,2795.0,1,1,1,1,1,1,1,1,1,1
1364,2020-03-30,2007.0,3,3,3,3,3,3,3,3,3,3
1365,2020-03-30,2021.0,3,3,3,3,3,3,3,3,3,3
1366,2020-03-30,2024.0,1,1,1,1,1,1,1,1,1,1
1367,2020-03-30,2026.0,2,2,2,2,2,2,2,2,2,2
1368,2020-03-30,2030.0,1,1,1,1,1,1,1,1,1,1
1369,2020-03-30,2036.0,1,1,1,1,1,1,1,1,1,1
1370,2020-03-30,2044.0,1,1,1,1,1,1,1,1,1,1
1371,2020-03-30,2049.0,1,1,1,1,1,1,1,1,1,1
1372,2020-03-30,2050.0,1,1,1,1,1,1,1,1,1,1
1373,2020-03-30,2060.0,1,1,1,1,1,1,1,1,1,1
1374,2020-03-30,2066.0,1,1,1,1,1,1,1,1,1,1
1375,2020-03-30,2076.0,1,1,1,1,1,1,1,1,1,1
1376,2020-03-30,2081.0,1,1,1,1,1,1,1,1,1,1
1377,2020-03-30,2086.0,1,1,1,1,1,1,1,1,1,1
1378,2020-03-30,2088.0,1,1,1,1,1,1,1,1,1,1
1379,2020-03-30,2095.0,1,1,1,1,1,1,1,1,1,1
1380,2020-03-30,2097.0,1,1,1,1,1,1,1,1,1,1
1381,2020-03-30,2099.0,1,1,1,1,1,1,1,1,1,1
1382,2020-03-30,2111.0,1,1,1,1,1,1,1,1,1,1
1383,2020-03-30,2112.0,1,1,1,1,1,1,1,1,1,1
1384,2020-03-30,2113.0,1,1,1,1,1,1,1,1,1,1
1385,2020-03-30,2114.0,1,1,1,1,1,1,1,1,1,1
1386,2020-03-30,2125.0,1,1,1,1,1,1,1,1,1,1
1387,2020-03-30,2144.0,1,1,1,1,1,1,1,1,1,1
1388,2020-03-30,2153.0,1,1,1,1,1,1,1,1,1,1
1389,2020-03-30,2164.0,1,1,1,1,1,1,1,1,1,1
1390,2020-03-30,2197.0,2,2,2,2,2,2,2,2,2,2
1391,2020-03-30,2199.0,1,1,1,1,1,1,1,1,1,1
1392,2020-03-30,2203.0,1,1,1,1,1,1,1,1,1,1
1393,2020-03-30,2211.0,1,1,1,1,1,1,1,1,1,1
1394,2020-03-30,2212.0,1,1,1,1,1,1,1,1,1,1
1395,2020-03-30,2213.0,1,1,1,1,1,1,1,1,1,1
1396,2020-03-30,2218.0,1,1,1,1,1,1,1,1,1,1
1397,2020-03-30,2228.0,1,1,1,1,1,1,1,1,1,1
1398,2020-03-30,2230.0,1,1,1,1,1,1,1,1,1,1
1399,2020-03-30,2233.0,1,1,1,1,1,1,1,1,1,1
1400,2020-03-30,2250.0,1,1,1,1,1,1,1,1,1,1
1401,2020-03-30,2251.0,1,1,1,1,1,1,1,1,1,1
1402,2020-03-30,2260.0,1,1,1,1,1,1,1,1,1,1
1403,2020-03-30,2261.0,1,1,1,1,1,1,1,1,1,1
1404,2020-03-30,2315.0,1,1,1,1,1,1,1,1,1,1
1405,2020-03-30,2325.0,1,1,1,1,1,1,1,1,1,1
1406,2020-03-30,2450.0,1,1,1,1,1,1,1,1,1,1
1407,2020-03-30,2470.0,1,1,1,1,1,1,1,1,1,1
1408,2020-03-30,2529.0,1,1,1,1,1,1,1,1,1,1
1409,2020-03-30,2537.0,1,1,1,1,1,1,1,1,1,1
1410,2020-03-30,2541.0,2,2,2,2,2,2,2,2,2,2
1411,2020-03-30,2577.0,1,1,1,1,1,1,1,1,1,1
1412,2020-03-30,2580.0,1,1,1,1,1,1,1,1,1,1
1413,2020-03-30,2628.0,1,1,1,1,1,1,1,1,1,1
1414,2020-03-30,2650.0,1,1,1,1,1,1,1,1,1,1
1415,2020-03-30,2700.0,1,1,1,1,1,1,1,1,1,1
1416,2020-03-30,2714.0,1,1,1,1,1,1,1,1,1,1
1417,2020-03-30,2750.0,2,2,2,2,2,2,2,2,2,2
1418,2020-03-30,2754.0,1,1,1,1,1,1,1,1,1,1
1419,2020-03-30,2761.0,1,1,1,1,1,1,1,1,1,1
1420,2020-03-30,2763.0,1,1,1,1,1,1,1,1,1,1
1421,2020-03-30,2767.0,1,1,1,1,1,1,1,1,1,1
1422,2020-03-30,2777.0,1,1,1,1,1,1,1,1,1,1
1423,2020-03-30,2780.0,2,2,2,2,2,2,2,2,2,2
1424,2020-03-30,2880.0,1,1,1,1,1,1,1,1,1,1
1425,2020-03-31,2008.0,1,1,1,1,1,1,1,1,1,1
1426,2020-03-31,2010.0,1,1,1,1,1,1,1,1,1,1
1427,2020-03-31,2015.0,2,2,2,2,2,2,2,2,2,2
1428,2020-03-31,2018.0,1,1,1,1,1,1,1,1,1,1
1429,2020-03-31,2022.0,1,1,1,1,1,1,1,1,1,1
1430,2020-03-31,2023.0,2,2,2,2,2,2,2,2,2,2
1431,2020-03-31,2026.0,4,4,4,4,4,4,4,4,4,4
1432,2020-03-31,2034.0,1,1,1,1,1,1,1,1,1,1
1433,2020-03-31,2035.0,2,2,2,2,2,2,2,2,2,2
1434,2020-03-31,2036.0,1,1,1,1,1,1,1,1,1,1
1435,2020-03-31,2041.0,2,2,2,2,2,2,2,2,2,2
1436,2020-03-31,2062.0,2,2,2,2,2,2,2,2,2,2
1437,2020-03-31,2074.0,2,2,2,2,2,2,2,2,2,2
1438,2020-03-31,2075.0,2,2,2,2,2,2,2,2,2,2
1439,2020-03-31,2077.0,1,1,1,1,1,1,1,1,1,1
1440,2020-03-31,2087.0,1,1,1,1,1,1,1,1,1,1
1441,2020-03-31,2088.0,1,1,1,1,1,1,1,1,1,1
1442,2020-03-31,2101.0,2,2,2,2,2,2,2,2,2,2
1443,2020-03-31,2106.0,1,1,1,1,1,1,1,1,1,1
1444,2020-03-31,2114.0,1,1,1,1,1,1,1,1,1,1
1445,2020-03-31,2117.0,1,1,1,1,1,1,1,1,1,1
1446,2020-03-31,2122.0,1,1,1,1,1,1,1,1,1,1
1447,2020-03-31,2131.0,1,1,1,1,1,1,1,1,1,1
1448,2020-03-31,2135.0,1,1,1,1,1,1,1,1,1,1
1449,2020-03-31,2141.0,1,1,1,1,1,1,1,1,1,1
1450,2020-03-31,2145.0,3,3,3,3,3,3,3,3,3,3
1451,2020-03-31,2147.0,2,2,2,2,2,2,2,2,2,2
1452,2020-03-31,2148.0,2,2,2,2,2,2,2,2,2,2
1453,2020-03-31,2150.0,1,1,1,1,1,1,1,1,1,1
1454,2020-03-31,2154.0,1,1,1,1,1,1,1,1,1,1
1455,2020-03-31,2155.0,3,3,3,3,3,3,3,3,3,3
1456,2020-03-31,2158.0,1,1,1,1,1,1,1,1,1,1
1457,2020-03-31,2168.0,1,1,1,1,1,1,1,1,1,1
1458,2020-03-31,2176.0,1,1,1,1,1,1,1,1,1,1
1459,2020-03-31,2178.0,1,1,1,1,1,1,1,1,1,1
1460,2020-03-31,2196.0,1,1,1,1,1,1,1,1,1,1
1461,2020-03-31,2205.0,1,1,1,1,1,1,1,1,1,1
1462,2020-03-31,2209.0,1,1,1,1,1,1,1,1,1,1
1463,2020-03-31,2210.0,1,1,1,1,1,1,1,1,1,1
1464,2020-03-31,2213.0,1,1,1,1,1,1,1,1,1,1
1465,2020-03-31,2216.0,2,2,2,2,2,2,2,2,2,2
1466,2020-03-31,2224.0,1,1,1,1,1,1,1,1,1,1
1467,2020-03-31,2227.0,1,1,1,1,1,1,1,1,1,1
1468,2020-03-31,2230.0,1,1,1,1,1,1,1,1,1,1
1469,2020-03-31,2233.0,1,1,1,1,1,1,1,1,1,1
1470,2020-03-31,2250.0,1,1,1,1,1,1,1,1,1,1
1471,2020-03-31,2251.0,2,2,2,2,2,2,2,2,2,2
1472,2020-03-31,2257.0,1,1,1,1,1,1,1,1,1,1
1473,2020-03-31,2263.0,2,2,2,2,2,2,2,2,2,2
1474,2020-03-31,2265.0,1,1,1,1,1,1,1,1,1,1
1475,2020-03-31,2283.0,1,1,1,1,1,1,1,1,1,1
1476,2020-03-31,2299.0,1,1,1,1,1,1,1,1,1,1
1477,2020-03-31,2300.0,1,1,1,1,1,1,1,1,1,1
1478,2020-03-31,2315.0,1,1,1,1,1,1,1,1,1,1
1479,2020-03-31,2320.0,1,1,1,1,1,1,1,1,1,1
1480,2020-03-31,2323.0,1,1,1,1,1,1,1,1,1,1
1481,2020-03-31,2325.0,3,3,3,3,3,3,3,3,3,3
1482,2020-03-31,2358.0,1,1,1,1,1,1,1,1,1,1
1483,2020-03-31,2420.0,1,1,1,1,1,1,1,1,1,1
1484,2020-03-31,2430.0,2,2,2,2,2,2,2,2,2,2
1485,2020-03-31,2440.0,1,1,1,1,1,1,1,1,1,1
1486,2020-03-31,2444.0,1,1,1,1,1,1,1,1,1,1
1487,2020-03-31,2483.0,3,3,3,3,3,3,3,3,3,3
1488,2020-03-31,2485.0,2,2,2,2,2,2,2,2,2,2
1489,2020-03-31,2500.0,1,1,1,1,1,1,1,1,1,1
1490,2020-03-31,2515.0,2,2,2,2,2,2,2,2,2,2
1491,2020-03-31,2533.0,1,1,1,1,1,1,1,1,1,1
1492,2020-03-31,2539.0,1,1,1,1,1,1,1,1,1,1
1493,2020-03-31,2540.0,2,2,2,2,2,2,2,2,2,2
1494,2020-03-31,2548.0,1,1,1,1,1,1,1,1,1,1
1495,2020-03-31,2557.0,2,2,2,2,2,2,2,2,2,2
1496,2020-03-31,2564.0,1,1,1,1,1,1,1,1,1,1
1497,2020-03-31,2565.0,1,1,1,1,1,1,1,1,1,1
1498,2020-03-31,2583.0,2,2,2,2,2,2,2,2,2,2
1499,2020-03-31,2646.0,1,1,1,1,1,1,1,1,1,1
1500,2020-03-31,2713.0,1,1,1,1,1,1,1,1,1,1
1501,2020-03-31,2759.0,1,1,1,1,1,1,1,1,1,1
1502,2020-03-31,2760.0,1,1,1,1,1,1,1,1,1,1
1503,2020-03-31,2761.0,3,3,3,3,3,3,3,3,3,3
1504,2020-03-31,2770.0,2,2,2,2,2,2,2,2,2,2
1505,2020-03-31,2774.0,1,1,1,1,1,1,1,1,1,1
1506,2020-03-31,2829.0,1,1,1,1,1,1,1,1,1,1
1507,2020-04-01,2000.0,1,1,1,1,1,1,1,1,1,1
1508,2020-04-01,2008.0,1,1,1,1,1,1,1,1,1,1
1509,2020-04-01,2009.0,1,1,1,1,1,1,1,1,1,1
1510,2020-04-01,2010.0,1,1,1,1,1,1,1,1,1,1
1511,2020-04-01,2011.0,1,1,1,1,1,1,1,1,1,1
1512,2020-04-01,2015.0,1,1,1,1,1,1,1,1,1,1
1513,2020-04-01,2018.0,1,1,1,1,1,1,1,1,1,1
1514,2020-04-01,2019.0,1,1,1,1,1,1,1,1,1,1
1515,2020-04-01,2023.0,1,1,1,1,1,1,1,1,1,1
1516,2020-04-01,2026.0,3,3,3,3,3,3,3,3,3,3
1517,2020-04-01,2027.0,1,1,1,1,1,1,1,1,1,1
1518,2020-04-01,2030.0,1,1,1,1,1,1,1,1,1,1
1519,2020-04-01,2033.0,1,1,1,1,1,1,1,1,1,1
1520,2020-04-01,2034.0,1,1,1,1,1,1,1,1,1,1
1521,2020-04-01,2036.0,2,2,2,2,2,2,2,2,2,2
1522,2020-04-01,2046.0,1,1,1,1,1,1,1,1,1,1
1523,2020-04-01,2062.0,1,1,1,1,1,1,1,1,1,1
1524,2020-04-01,2064.0,1,1,1,1,1,1,1,1,1,1
1525,2020-04-01,2065.0,1,1,1,1,1,1,1,1,1,1
1526,2020-04-01,2071.0,1,1,1,1,1,1,1,1,1,1
1527,2020-04-01,2073.0,1,1,1,1,1,1,1,1,1,1
1528,2020-04-01,2074.0,1,1,1,1,1,1,1,1,1,1
1529,2020-04-01,2075.0,1,1,1,1,1,1,1,1,1,1
1530,2020-04-01,2076.0,1,1,1,1,1,1,1,1,1,1
1531,2020-04-01,2088.0,1,1,1,1,1,1,1,1,1,1
1532,2020-04-01,2089.0,1,1,1,1,1,1,1,1,1,1
1533,2020-04-01,2090.0,1,1,1,1,1,1,1,1,1,1
1534,2020-04-01,2095.0,1,1,1,1,1,1,1,1,1,1
1535,2020-04-01,2096.0,1,1,1,1,1,1,1,1,1,1
1536,2020-04-01,2099.0,2,2,2,2,2,2,2,2,2,2
1537,2020-04-01,2107.0,2,2,2,2,2,2,2,2,2,2
1538,2020-04-01,2111.0,2,2,2,2,2,2,2,2,2,2
1539,2020-04-01,2112.0,1,1,1,1,1,1,1,1,1,1
1540,2020-04-01,2114.0,1,1,1,1,1,1,1,1,1,1
1541,2020-04-01,2118.0,1,1,1,1,1,1,1,1,1,1
1542,2020-04-01,2121.0,1,1,1,1,1,1,1,1,1,1
1543,2020-04-01,2125.0,2,2,2,2,2,2,2,2,2,2
1544,2020-04-01,2131.0,2,2,2,2,2,2,2,2,2,2
1545,2020-04-01,2145.0,3,3,3,3,3,3,3,3,3,3
1546,2020-04-01,2148.0,1,1,1,1,1,1,1,1,1,1
1547,2020-04-01,2152.0,2,2,2,2,2,2,2,2,2,2
1548,2020-04-01,2161.0,2,2,2,2,2,2,2,2,2,2
1549,2020-04-01,2166.0,1,1,1,1,1,1,1,1,1,1
1550,2020-04-01,2170.0,1,1,1,1,1,1,1,1,1,1
1551,2020-04-01,2176.0,1,1,1,1,1,1,1,1,1,1
1552,2020-04-01,2192.0,1,1,1,1,1,1,1,1,1,1
1553,2020-04-01,2195.0,1,1,1,1,1,1,1,1,1,1
1554,2020-04-01,2211.0,1,1,1,1,1,1,1,1,1,1
1555,2020-04-01,2228.0,1,1,1,1,1,1,1,1,1,1
1556,2020-04-01,2229.0,1,1,1,1,1,1,1,1,1,1
1557,2020-04-01,2232.0,3,3,3,3,3,3,3,3,3,3
1558,2020-04-01,2233.0,2,2,2,2,2,2,2,2,2,2
1559,2020-04-01,2234.0,3,3,3,3,3,3,3,3,3,3
1560,2020-04-01,2250.0,1,1,1,1,1,1,1,1,1,1
1561,2020-04-01,2284.0,1,1,1,1,1,1,1,1,1,1
1562,2020-04-01,2285.0,1,1,1,1,1,1,1,1,1,1
1563,2020-04-01,2303.0,1,1,1,1,1,1,1,1,1,1
1564,2020-04-01,2324.0,1,1,1,1,1,1,1,1,1,1
1565,2020-04-01,2422.0,1,1,1,1,1,1,1,1,1,1
1566,2020-04-01,2450.0,2,2,2,2,2,2,2,2,2,2
1567,2020-04-01,2477.0,2,2,2,2,2,2,2,2,2,2
1568,2020-04-01,2481.0,2,2,2,2,2,2,2,2,2,2
1569,2020-04-01,2529.0,1,1,1,1,1,1,1,1,1,1
1570,2020-04-01,2541.0,2,2,2,2,2,2,2,2,2,2
1571,2020-04-01,2567.0,1,1,1,1,1,1,1,1,1,1
1572,2020-04-01,2586.0,2,2,2,2,2,2,2,2,2,2
1573,2020-04-01,2714.0,1,1,1,1,1,1,1,1,1,1
1574,2020-04-01,2745.0,1,1,1,1,1,1,1,1,1,1
1575,2020-04-01,2758.0,2,2,2,2,2,2,2,2,2,2
1576,2020-04-01,2761.0,1,1,1,1,1,1,1,1,1,1
1577,2020-04-01,2765.0,1,1,1,1,1,1,1,1,1,1
1578,2020-04-01,2767.0,3,3,3,3,3,3,3,3,3,3
1579,2020-04-01,2769.0,1,1,1,1,1,1,1,1,1,1
1580,2020-04-01,2790.0,1,1,1,1,1,1,1,1,1,1
1581,2020-04-01,2800.0,1,1,1,1,1,1,1,1,1,1
1582,2020-04-02,2000.0,2,2,2,2,2,2,2,2,2,2
1583,2020-04-02,2017.0,2,2,2,2,2,2,2,2,2,2
1584,2020-04-02,2018.0,1,1,1,1,1,1,1,1,1,1
1585,2020-04-02,2022.0,1,1,1,1,1,1,1,1,1,1
1586,2020-04-02,2024.0,1,1,1,1,1,1,1,1,1,1
1587,2020-04-02,2025.0,1,1,1,1,1,1,1,1,1,1
1588,2020-04-02,2026.0,3,3,3,3,3,3,3,3,3,3
1589,2020-04-02,2031.0,2,2,2,2,2,2,2,2,2,2
1590,2020-04-02,2032.0,2,2,2,2,2,2,2,2,2,2
1591,2020-04-02,2035.0,4,4,4,4,4,4,4,4,4,4
1592,2020-04-02,2041.0,1,1,1,1,1,1,1,1,1,1
1593,2020-04-02,2046.0,1,1,1,1,1,1,1,1,1,1
1594,2020-04-02,2049.0,1,1,1,1,1,1,1,1,1,1
1595,2020-04-02,2060.0,1,1,1,1,1,1,1,1,1,1
1596,2020-04-02,2062.0,1,1,1,1,1,1,1,1,1,1
1597,2020-04-02,2065.0,1,1,1,1,1,1,1,1,1,1
1598,2020-04-02,2073.0,1,1,1,1,1,1,1,1,1,1
1599,2020-04-02,2075.0,2,2,2,2,2,2,2,2,2,2
1600,2020-04-02,2076.0,1,1,1,1,1,1,1,1,1,1
1601,2020-04-02,2088.0,2,2,2,2,2,2,2,2,2,2
1602,2020-04-02,2090.0,3,3,3,3,3,3,3,3,3,3
1603,2020-04-02,2097.0,2,2,2,2,2,2,2,2,2,2
1604,2020-04-02,2112.0,1,1,1,1,1,1,1,1,1,1
1605,2020-04-02,2113.0,1,1,1,1,1,1,1,1,1,1
1606,2020-04-02,2125.0,1,1,1,1,1,1,1,1,1,1
1607,2020-04-02,2131.0,1,1,1,1,1,1,1,1,1,1
1608,2020-04-02,2134.0,1,1,1,1,1,1,1,1,1,1
1609,2020-04-02,2141.0,1,1,1,1,1,1,1,1,1,1
1610,2020-04-02,2145.0,3,3,3,3,3,3,3,3,3,3
1611,2020-04-02,2151.0,1,1,1,1,1,1,1,1,1,1
1612,2020-04-02,2153.0,3,3,3,3,3,3,3,3,3,3
1613,2020-04-02,2161.0,1,1,1,1,1,1,1,1,1,1
1614,2020-04-02,2176.0,1,1,1,1,1,1,1,1,1,1
1615,2020-04-02,2192.0,2,2,2,2,2,2,2,2,2,2
1616,2020-04-02,2209.0,1,1,1,1,1,1,1,1,1,1
1617,2020-04-02,2210.0,1,1,1,1,1,1,1,1,1,1
1618,2020-04-02,2216.0,2,2,2,2,2,2,2,2,2,2
1619,2020-04-02,2220.0,3,3,3,3,3,3,3,3,3,3
1620,2020-04-02,2221.0,1,1,1,1,1,1,1,1,1,1
1621,2020-04-02,2223.0,2,2,2,2,2,2,2,2,2,2
1622,2020-04-02,2227.0,1,1,1,1,1,1,1,1,1,1
1623,2020-04-02,2233.0,1,1,1,1,1,1,1,1,1,1
1624,2020-04-02,2234.0,2,2,2,2,2,2,2,2,2,2
1625,2020-04-02,2250.0,3,3,3,3,3,3,3,3,3,3
1626,2020-04-02,2280.0,1,1,1,1,1,1,1,1,1,1
1627,2020-04-02,2324.0,1,1,1,1,1,1,1,1,1,1
1628,2020-04-02,2334.0,1,1,1,1,1,1,1,1,1,1
1629,2020-04-02,2380.0,1,1,1,1,1,1,1,1,1,1
1630,2020-04-02,2428.0,1,1,1,1,1,1,1,1,1,1
1631,2020-04-02,2450.0,1,1,1,1,1,1,1,1,1,1
1632,2020-04-02,2533.0,2,2,2,2,2,2,2,2,2,2
1633,2020-04-02,2576.0,1,1,1,1,1,1,1,1,1,1
1634,2020-04-02,2748.0,1,1,1,1,1,1,1,1,1,1
1635,2020-04-02,2750.0,1,1,1,1,1,1,1,1,1,1
1636,2020-04-02,2761.0,1,1,1,1,1,1,1,1,1,1
1637,2020-04-02,2780.0,1,1,1,1,1,1,1,1,1,1
1638,2020-04-02,2790.0,1,1,1,1,1,1,1,1,1,1
1639,2020-04-02,2829.0,1,1,1,1,1,1,1,1,1,1
1640,2020-04-02,2880.0,1,1,1,1,1,1,1,1,1,1
1641,2020-04-03,2011.0,1,1,1,1,1,1,1,1,1,1
1642,2020-04-03,2015.0,1,1,1,1,1,1,1,1,1,1
1643,2020-04-03,2016.0,1,1,1,1,1,1,1,1,1,1
1644,2020-04-03,2018.0,1,1,1,1,1,1,1,1,1,1
1645,2020-04-03,2020.0,1,1,1,1,1,1,1,1,1,1
1646,2020-04-03,2026.0,3,3,3,3,3,3,3,3,3,3
1647,2020-04-03,2039.0,2,2,2,2,2,2,2,2,2,2
1648,2020-04-03,2044.0,1,1,1,1,1,1,1,1,1,1
1649,2020-04-03,2045.0,1,1,1,1,1,1,1,1,1,1
1650,2020-04-03,2066.0,1,1,1,1,1,1,1,1,1,1
1651,2020-04-03,2069.0,1,1,1,1,1,1,1,1,1,1
1652,2020-04-03,2073.0,1,1,1,1,1,1,1,1,1,1
1653,2020-04-03,2075.0,1,1,1,1,1,1,1,1,1,1
1654,2020-04-03,2084.0,1,1,1,1,1,1,1,1,1,1
1655,2020-04-03,2088.0,3,3,3,3,3,3,3,3,3,3
1656,2020-04-03,2096.0,1,1,1,1,1,1,1,1,1,1
1657,2020-04-03,2097.0,1,1,1,1,1,1,1,1,1,1
1658,2020-04-03,2099.0,3,3,3,3,3,3,3,3,3,3
1659,2020-04-03,2106.0,1,1,1,1,1,1,1,1,1,1
1660,2020-04-03,2111.0,1,1,1,1,1,1,1,1,1,1
1661,2020-04-03,2117.0,1,1,1,1,1,1,1,1,1,1
1662,2020-04-03,2118.0,1,1,1,1,1,1,1,1,1,1
1663,2020-04-03,2120.0,1,1,1,1,1,1,1,1,1,1
1664,2020-04-03,2122.0,1,1,1,1,1,1,1,1,1,1
1665,2020-04-03,2131.0,2,2,2,2,2,2,2,2,2,2
1666,2020-04-03,2135.0,3,3,3,3,3,3,3,3,3,3
1667,2020-04-03,2144.0,1,1,1,1,1,1,1,1,1,1
1668,2020-04-03,2145.0,1,1,1,1,1,1,1,1,1,1
1669,2020-04-03,2148.0,2,2,2,2,2,2,2,2,2,2
1670,2020-04-03,2161.0,2,2,2,2,2,2,2,2,2,2
1671,2020-04-03,2164.0,1,1,1,1,1,1,1,1,1,1
1672,2020-04-03,2176.0,2,2,2,2,2,2,2,2,2,2
1673,2020-04-03,2193.0,1,1,1,1,1,1,1,1,1,1
1674,2020-04-03,2204.0,1,1,1,1,1,1,1,1,1,1
1675,2020-04-03,2205.0,2,2,2,2,2,2,2,2,2,2
1676,2020-04-03,2206.0,1,1,1,1,1,1,1,1,1,1
1677,2020-04-03,2213.0,1,1,1,1,1,1,1,1,1,1
1678,2020-04-03,2218.0,4,4,4,4,4,4,4,4,4,4
1679,2020-04-03,2219.0,2,2,2,2,2,2,2,2,2,2
1680,2020-04-03,2232.0,1,1,1,1,1,1,1,1,1,1
1681,2020-04-03,2233.0,1,1,1,1,1,1,1,1,1,1
1682,2020-04-03,2234.0,1,1,1,1,1,1,1,1,1,1
1683,2020-04-03,2250.0,1,1,1,1,1,1,1,1,1,1
1684,2020-04-03,2262.0,1,1,1,1,1,1,1,1,1,1
1685,2020-04-03,2334.0,1,1,1,1,1,1,1,1,1,1
1686,2020-04-03,2439.0,1,1,1,1,1,1,1,1,1,1
1687,2020-04-03,2500.0,1,1,1,1,1,1,1,1,1,1
1688,2020-04-03,2558.0,2,2,2,2,2,2,2,2,2,2
1689,2020-04-03,2714.0,2,2,2,2,2,2,2,2,2,2
1690,2020-04-03,2750.0,3,3,3,3,3,3,3,3,3,3
1691,2020-04-03,2761.0,3,3,3,3,3,3,3,3,3,3
1692,2020-04-04,2000.0,1,1,1,1,1,1,1,1,1,1
1693,2020-04-04,2010.0,1,1,1,1,1,1,1,1,1,1
1694,2020-04-04,2011.0,2,2,2,2,2,2,2,2,2,2
1695,2020-04-04,2015.0,1,1,1,1,1,1,1,1,1,1
1696,2020-04-04,2019.0,1,1,1,1,1,1,1,1,1,1
1697,2020-04-04,2022.0,1,1,1,1,1,1,1,1,1,1
1698,2020-04-04,2025.0,2,2,2,2,2,2,2,2,2,2
1699,2020-04-04,2026.0,1,1,1,1,1,1,1,1,1,1
1700,2020-04-04,2031.0,1,1,1,1,1,1,1,1,1,1
1701,2020-04-04,2033.0,2,2,2,2,2,2,2,2,2,2
1702,2020-04-04,2035.0,1,1,1,1,1,1,1,1,1,1
1703,2020-04-04,2037.0,1,1,1,1,1,1,1,1,1,1
1704,2020-04-04,2040.0,1,1,1,1,1,1,1,1,1,1
1705,2020-04-04,2049.0,1,1,1,1,1,1,1,1,1,1
1706,2020-04-04,2065.0,1,1,1,1,1,1,1,1,1,1
1707,2020-04-04,2066.0,3,3,3,3,3,3,3,3,3,3
1708,2020-04-04,2068.0,1,1,1,1,1,1,1,1,1,1
1709,2020-04-04,2086.0,2,2,2,2,2,2,2,2,2,2
1710,2020-04-04,2088.0,3,3,3,3,3,3,3,3,3,3
1711,2020-04-04,2097.0,1,1,1,1,1,1,1,1,1,1
1712,2020-04-04,2101.0,1,1,1,1,1,1,1,1,1,1
1713,2020-04-04,2104.0,1,1,1,1,1,1,1,1,1,1
1714,2020-04-04,2113.0,1,1,1,1,1,1,1,1,1,1
1715,2020-04-04,2130.0,2,2,2,2,2,2,2,2,2,2
1716,2020-04-04,2141.0,1,1,1,1,1,1,1,1,1,1
1717,2020-04-04,2145.0,4,4,4,4,4,4,4,4,4,4
1718,2020-04-04,2155.0,1,1,1,1,1,1,1,1,1,1
1719,2020-04-04,2156.0,1,1,1,1,1,1,1,1,1,1
1720,2020-04-04,2176.0,2,2,2,2,2,2,2,2,2,2
1721,2020-04-04,2190.0,1,1,1,1,1,1,1,1,1,1
1722,2020-04-04,2205.0,2,2,2,2,2,2,2,2,2,2
1723,2020-04-04,2207.0,1,1,1,1,1,1,1,1,1,1
1724,2020-04-04,2216.0,1,1,1,1,1,1,1,1,1,1
1725,2020-04-04,2221.0,1,1,1,1,1,1,1,1,1,1
1726,2020-04-04,2232.0,1,1,1,1,1,1,1,1,1,1
1727,2020-04-04,2250.0,1,1,1,1,1,1,1,1,1,1
1728,2020-04-04,2263.0,1,1,1,1,1,1,1,1,1,1
1729,2020-04-04,2282.0,1,1,1,1,1,1,1,1,1,1
1730,2020-04-04,2299.0,1,1,1,1,1,1,1,1,1,1
1731,2020-04-04,2316.0,2,2,2,2,2,2,2,2,2,2
1732,2020-04-04,2323.0,1,1,1,1,1,1,1,1,1,1
1733,2020-04-04,2430.0,2,2,2,2,2,2,2,2,2,2
1734,2020-04-04,2450.0,1,1,1,1,1,1,1,1,1,1
1735,2020-04-04,2567.0,1,1,1,1,1,1,1,1,1,1
1736,2020-04-04,2761.0,1,1,1,1,1,1,1,1,1,1
1737,2020-04-04,2766.0,1,1,1,1,1,1,1,1,1,1
1738,2020-04-04,2865.0,2,2,2,2,2,2,2,2,2,2
1739,2020-04-04,2866.0,1,1,1,1,1,1,1,1,1,1
1740,2020-04-05,2010.0,3,3,3,3,3,3,3,3,3,3
1741,2020-04-05,2011.0,2,2,2,2,2,2,2,2,2,2
1742,2020-04-05,2017.0,1,1,1,1,1,1,1,1,1,1
1743,2020-04-05,2019.0,2,2,2,2,2,2,2,2,2,2
1744,2020-04-05,2020.0,1,1,1,1,1,1,1,1,1,1
1745,2020-04-05,2022.0,2,2,2,2,2,2,2,2,2,2
1746,2020-04-05,2026.0,1,1,1,1,1,1,1,1,1,1
1747,2020-04-05,2031.0,1,1,1,1,1,1,1,1,1,1
1748,2020-04-05,2035.0,1,1,1,1,1,1,1,1,1,1
1749,2020-04-05,2043.0,1,1,1,1,1,1,1,1,1,1
1750,2020-04-05,2069.0,1,1,1,1,1,1,1,1,1,1
1751,2020-04-05,2099.0,1,1,1,1,1,1,1,1,1,1
1752,2020-04-05,2103.0,2,2,2,2,2,2,2,2,2,2
1753,2020-04-05,2110.0,1,1,1,1,1,1,1,1,1,1
1754,2020-04-05,2111.0,1,1,1,1,1,1,1,1,1,1
1755,2020-04-05,2114.0,1,1,1,1,1,1,1,1,1,1
1756,2020-04-05,2118.0,1,1,1,1,1,1,1,1,1,1
1757,2020-04-05,2135.0,1,1,1,1,1,1,1,1,1,1
1758,2020-04-05,2145.0,1,1,1,1,1,1,1,1,1,1
1759,2020-04-05,2148.0,1,1,1,1,1,1,1,1,1,1
1760,2020-04-05,2153.0,1,1,1,1,1,1,1,1,1,1
1761,2020-04-05,2159.0,1,1,1,1,1,1,1,1,1,1
1762,2020-04-05,2161.0,1,1,1,1,1,1,1,1,1,1
1763,2020-04-05,2165.0,1,1,1,1,1,1,1,1,1,1
1764,2020-04-05,2179.0,1,1,1,1,1,1,1,1,1,1
1765,2020-04-05,2205.0,2,2,2,2,2,2,2,2,2,2
1766,2020-04-05,2209.0,1,1,1,1,1,1,1,1,1,1
1767,2020-04-05,2219.0,1,1,1,1,1,1,1,1,1,1
1768,2020-04-05,2220.0,1,1,1,1,1,1,1,1,1,1
1769,2020-04-05,2224.0,1,1,1,1,1,1,1,1,1,1
1770,2020-04-05,2250.0,1,1,1,1,1,1,1,1,1,1
1771,2020-04-05,2452.0,1,1,1,1,1,1,1,1,1,1
1772,2020-04-05,2485.0,1,1,1,1,1,1,1,1,1,1
1773,2020-04-05,2539.0,1,1,1,1,1,1,1,1,1,1
1774,2020-04-05,2558.0,1,1,1,1,1,1,1,1,1,1
1775,2020-04-05,2576.0,2,2,2,2,2,2,2,2,2,2
1776,2020-04-05,2644.0,1,1,1,1,1,1,1,1,1,1
1777,2020-04-05,2763.0,1,1,1,1,1,1,1,1,1,1
1778,2020-04-05,2800.0,1,1,1,1,1,1,1,1,1,1
1779,2020-04-05,2870.0,1,1,1,1,1,1,1,1,1,1
1780,2020-04-06,2000.0,1,1,1,1,1,1,1,1,1,1
1781,2020-04-06,2032.0,2,2,2,2,2,2,2,2,2,2
1782,2020-04-06,2046.0,1,1,1,1,1,1,1,1,1,1
1783,2020-04-06,2066.0,1,1,1,1,1,1,1,1,1,1
1784,2020-04-06,2074.0,1,1,1,1,1,1,1,1,1,1
1785,2020-04-06,2077.0,1,1,1,1,1,1,1,1,1,1
1786,2020-04-06,2088.0,1,1,1,1,1,1,1,1,1,1
1787,2020-04-06,2113.0,1,1,1,1,1,1,1,1,1,1
1788,2020-04-06,2127.0,1,1,1,1,1,1,1,1,1,1
1789,2020-04-06,2145.0,1,1,1,1,1,1,1,1,1,1
1790,2020-04-06,2216.0,1,1,1,1,1,1,1,1,1,1
1791,2020-04-06,2217.0,1,1,1,1,1,1,1,1,1,1
1792,2020-04-06,2218.0,2,2,2,2,2,2,2,2,2,2
1793,2020-04-06,2232.0,2,2,2,2,2,2,2,2,2,2
1794,2020-04-06,2234.0,1,1,1,1,1,1,1,1,1,1
1795,2020-04-06,2283.0,1,1,1,1,1,1,1,1,1,1
1796,2020-04-06,2289.0,1,1,1,1,1,1,1,1,1,1
1797,2020-04-06,2320.0,1,1,1,1,1,1,1,1,1,1
1798,2020-04-06,2350.0,1,1,1,1,1,1,1,1,1,1
1799,2020-04-06,2481.0,1,1,1,1,1,1,1,1,1,1
1800,2020-04-06,2505.0,1,1,1,1,1,1,1,1,1,1
1801,2020-04-06,2557.0,2,2,2,2,2,2,2,2,2,2
1802,2020-04-06,2575.0,2,2,2,2,2,2,2,2,2,2
1803,2020-04-06,2754.0,1,1,1,1,1,1,1,1,1,1
1804,2020-04-07,2022.0,3,3,3,3,3,3,3,3,3,3
1805,2020-04-07,2024.0,1,1,1,1,1,1,1,1,1,1
1806,2020-04-07,2026.0,1,1,1,1,1,1,1,1,1,1
1807,2020-04-07,2031.0,1,1,1,1,1,1,1,1,1,1
1808,2020-04-07,2032.0,1,1,1,1,1,1,1,1,1,1
1809,2020-04-07,2035.0,1,1,1,1,1,1,1,1,1,1
1810,2020-04-07,2066.0,1,1,1,1,1,1,1,1,1,1
1811,2020-04-07,2074.0,2,2,2,2,2,2,2,2,2,2
1812,2020-04-07,2077.0,1,1,1,1,1,1,1,1,1,1
1813,2020-04-07,2096.0,1,1,1,1,1,1,1,1,1,1
1814,2020-04-07,2111.0,2,2,2,2,2,2,2,2,2,2
1815,2020-04-07,2135.0,2,2,2,2,2,2,2,2,2,2
1816,2020-04-07,2152.0,1,1,1,1,1,1,1,1,1,1
1817,2020-04-07,2165.0,1,1,1,1,1,1,1,1,1,1
1818,2020-04-07,2168.0,2,2,2,2,2,2,2,2,2,2
1819,2020-04-07,2207.0,1,1,1,1,1,1,1,1,1,1
1820,2020-04-07,2209.0,1,1,1,1,1,1,1,1,1,1
1821,2020-04-07,2234.0,1,1,1,1,1,1,1,1,1,1
1822,2020-04-07,2264.0,2,2,2,2,2,2,2,2,2,2
1823,2020-04-07,2303.0,3,3,3,3,3,3,3,3,3,3
1824,2020-04-07,2570.0,1,1,1,1,1,1,1,1,1,1
1825,2020-04-08,2020.0,1,1,1,1,1,1,1,1,1,1
1826,2020-04-08,2026.0,3,3,3,3,3,3,3,3,3,3
1827,2020-04-08,2031.0,1,1,1,1,1,1,1,1,1,1
1828,2020-04-08,2035.0,1,1,1,1,1,1,1,1,1,1
1829,2020-04-08,2062.0,1,1,1,1,1,1,1,1,1,1
1830,2020-04-08,2070.0,1,1,1,1,1,1,1,1,1,1
1831,2020-04-08,2111.0,1,1,1,1,1,1,1,1,1,1
1832,2020-04-08,2119.0,1,1,1,1,1,1,1,1,1,1
1833,2020-04-08,2134.0,1,1,1,1,1,1,1,1,1,1
1834,2020-04-08,2135.0,1,1,1,1,1,1,1,1,1,1
1835,2020-04-08,2137.0,1,1,1,1,1,1,1,1,1,1
1836,2020-04-08,2163.0,1,1,1,1,1,1,1,1,1,1
1837,2020-04-08,2168.0,6,6,6,6,6,6,6,6,6,6
1838,2020-04-08,2170.0,1,1,1,1,1,1,1,1,1,1
1839,2020-04-08,2176.0,2,2,2,2,2,2,2,2,2,2
1840,2020-04-08,2193.0,1,1,1,1,1,1,1,1,1,1
1841,2020-04-08,2206.0,1,1,1,1,1,1,1,1,1,1
1842,2020-04-08,2210.0,1,1,1,1,1,1,1,1,1,1
1843,2020-04-08,2212.0,1,1,1,1,1,1,1,1,1,1
1844,2020-04-08,2283.0,2,2,2,2,2,2,2,2,2,2
1845,2020-04-08,2287.0,1,1,1,1,1,1,1,1,1,1
1846,2020-04-08,2304.0,1,1,1,1,1,1,1,1,1,1
1847,2020-04-08,2317.0,1,1,1,1,1,1,1,1,1,1
1848,2020-04-08,2321.0,1,1,1,1,1,1,1,1,1,1
1849,2020-04-08,2428.0,1,1,1,1,1,1,1,1,1,1
1850,2020-04-08,2430.0,1,1,1,1,1,1,1,1,1,1
1851,2020-04-08,2450.0,1,1,1,1,1,1,1,1,1,1
1852,2020-04-08,2478.0,1,1,1,1,1,1,1,1,1,1
1853,2020-04-08,2479.0,2,2,2,2,2,2,2,2,2,2
1854,2020-04-08,2541.0,1,1,1,1,1,1,1,1,1,1
1855,2020-04-08,2722.0,1,1,1,1,1,1,1,1,1,1
1856,2020-04-08,2761.0,2,2,2,2,2,2,2,2,2,2
1857,2020-04-08,2767.0,1,1,1,1,1,1,1,1,1,1
1858,2020-04-09,2007.0,1,1,1,1,1,1,1,1,1,1
1859,2020-04-09,2017.0,1,1,1,1,1,1,1,1,1,1
1860,2020-04-09,2023.0,1,1,1,1,1,1,1,1,1,1
1861,2020-04-09,2035.0,1,1,1,1,1,1,1,1,1,1
1862,2020-04-09,2070.0,2,2,2,2,2,2,2,2,2,2
1863,2020-04-09,2072.0,1,1,1,1,1,1,1,1,1,1
1864,2020-04-09,2075.0,2,2,2,2,2,2,2,2,2,2
1865,2020-04-09,2086.0,1,1,1,1,1,1,1,1,1,1
1866,2020-04-09,2107.0,1,1,1,1,1,1,1,1,1,1
1867,2020-04-09,2108.0,1,1,1,1,1,1,1,1,1,1
1868,2020-04-09,2165.0,1,1,1,1,1,1,1,1,1,1
1869,2020-04-09,2170.0,1,1,1,1,1,1,1,1,1,1
1870,2020-04-09,2171.0,1,1,1,1,1,1,1,1,1,1
1871,2020-04-09,2176.0,1,1,1,1,1,1,1,1,1,1
1872,2020-04-09,2200.0,1,1,1,1,1,1,1,1,1,1
1873,2020-04-09,2209.0,1,1,1,1,1,1,1,1,1,1
1874,2020-04-09,2260.0,1,1,1,1,1,1,1,1,1,1
1875,2020-04-09,2261.0,1,1,1,1,1,1,1,1,1,1
1876,2020-04-09,2287.0,1,1,1,1,1,1,1,1,1,1
1877,2020-04-09,2560.0,1,1,1,1,1,1,1,1,1,1
1878,2020-04-09,2621.0,1,1,1,1,1,1,1,1,1,1
1879,2020-04-09,2640.0,1,1,1,1,1,1,1,1,1,1
1880,2020-04-09,2747.0,1,1,1,1,1,1,1,1,1,1
1881,2020-04-09,2763.0,1,1,1,1,1,1,1,1,1,1
1882,2020-04-09,2770.0,1,1,1,1,1,1,1,1,1,1
1883,2020-04-10,2023.0,1,1,1,1,1,1,1,1,1,1
1884,2020-04-10,2031.0,1,1,1,1,1,1,1,1,1,1
1885,2020-04-10,2033.0,1,1,1,1,1,1,1,1,1,1
1886,2020-04-10,2066.0,1,1,1,1,1,1,1,1,1,1
1887,2020-04-10,2088.0,1,1,1,1,1,1,1,1,1,1
1888,2020-04-10,2099.0,1,1,1,1,1,1,1,1,1,1
1889,2020-04-10,2114.0,2,2,2,2,2,2,2,2,2,2
1890,2020-04-10,2155.0,1,1,1,1,1,1,1,1,1,1
1891,2020-04-10,2164.0,1,1,1,1,1,1,1,1,1,1
1892,2020-04-10,2216.0,1,1,1,1,1,1,1,1,1,1
1893,2020-04-10,2280.0,1,1,1,1,1,1,1,1,1,1
1894,2020-04-10,2281.0,1,1,1,1,1,1,1,1,1,1
1895,2020-04-10,2322.0,1,1,1,1,1,1,1,1,1,1
1896,2020-04-10,2323.0,1,1,1,1,1,1,1,1,1,1
1897,2020-04-10,2747.0,2,2,2,2,2,2,2,2,2,2
1898,2020-04-11,2023.0,1,1,1,1,1,1,1,1,1,1
1899,2020-04-11,2026.0,1,1,1,1,1,1,1,1,1,1
1900,2020-04-11,2030.0,1,1,1,1,1,1,1,1,1,1
1901,2020-04-11,2088.0,1,1,1,1,1,1,1,1,1,1
1902,2020-04-11,2217.0,1,1,1,1,1,1,1,1,1,1
1903,2020-04-11,2318.0,2,2,2,2,2,2,2,2,2,2
1904,2020-04-11,2564.0,1,1,1,1,1,1,1,1,1,1
1905,2020-04-11,2747.0,1,1,1,1,1,1,1,1,1,1
1906,2020-04-11,2770.0,1,1,1,1,1,1,1,1,1,1
1907,2020-04-12,2099.0,1,1,1,1,1,1,1,1,1,1
1908,2020-04-12,2750.0,1,1,1,1,1,1,1,1,1,1
